team,h_a,xG,xGA,npxG,npxGA,ppda,ppda_allowed,deep,deep_allowed,scored,missed,xpts,result,date,wins,draws,loses,pts,npxGD
Aston Villa,h,0.318601,1.40098,0.318601,1.40098,"{'att': 227, 'def': 12}","{'att': 146, 'def': 24}",2,6,0,0,0.42579999999999996,d,2025-08-16 11:30:00,0,1,0,1,-1.082379
Aston Villa,a,0.976852,1.12964,0.976852,1.12964,"{'att': 92, 'def': 17}","{'att': 302, 'def': 28}",14,2,0,1,1.1286999999999998,l,2025-08-23 14:00:00,0,0,1,0,-0.15278799999999992
Aston Villa,h,1.20586,2.59713,1.20586,1.83596,"{'att': 222, 'def': 21}","{'att': 288, 'def': 15}",6,5,0,3,0.3812,l,2025-08-31 18:00:00,0,0,1,0,-0.6301000000000001
Aston Villa,a,0.354327,1.8927,0.354327,1.8927,"{'att': 159, 'def': 19}","{'att': 191, 'def': 27}",3,10,0,0,0.3143,d,2025-09-13 14:00:00,0,1,0,1,-1.538373
Aston Villa,a,0.939354,0.938312,0.939354,0.938312,"{'att': 112, 'def': 16}","{'att': 227, 'def': 23}",16,4,1,1,1.33,d,2025-09-21 13:00:00,0,1,0,1,0.0010419999999999874
Aston Villa,h,1.36575,0.952612,1.36575,0.952612,"{'att': 243, 'def': 14}","{'att': 249, 'def': 18}",6,4,3,1,1.7306,w,2025-09-28 13:00:00,1,0,0,3,0.413138
Aston Villa,h,1.73572,0.502292,1.73572,0.502292,"{'att': 229, 'def': 18}","{'att': 328, 'def': 42}",8,1,2,1,2.3255,w,2025-10-05 13:00:00,1,0,0,3,1.233428
Aston Villa,a,0.352231,1.51461,0.352231,1.51461,"{'att': 232, 'def': 18}","{'att': 205, 'def': 27}",2,5,2,1,0.4064,w,2025-10-19 13:00:00,1,0,0,3,-1.162379
Aston Villa,h,0.843906,1.36914,0.843906,1.36914,"{'att': 246, 'def': 11}","{'att': 287, 'def': 28}",8,11,1,0,0.9462999999999999,w,2025-10-26 13:00:00,1,0,0,3,-0.525234
Aston Villa,a,0.43502,1.47021,0.43502,1.47021,"{'att': 257, 'def': 16}","{'att': 219, 'def': 20}",6,12,0,2,0.5414,l,2025-11-01 20:00:00,0,0,1,0,-1.03519
Aston Villa,h,1.88282,2.00992,1.88282,1.24875,"{'att': 168, 'def': 29}","{'att': 184, 'def': 27}",10,6,4,0,1.2654999999999998,w,2025-11-09 14:00:00,1,0,0,3,0.6340699999999999
Aston Villa,a,1.35978,1.84668,1.35978,1.84668,"{'att': 215, 'def': 18}","{'att': 264, 'def': 36}",5,5,2,1,0.9681,w,2025-11-23 14:00:00,1,0,0,3,-0.4869000000000001
Aston Villa,h,1.15486,0.692588,1.15486,0.692588,"{'att': 234, 'def': 24}","{'att': 215, 'def': 21}",5,3,1,0,1.7575999999999998,w,2025-11-30 14:05:00,1,0,0,3,0.462272
Aston Villa,a,3.15745,1.96298,3.15745,1.96298,"{'att': 274, 'def': 19}","{'att': 246, 'def': 41}",11,5,4,3,2.1954999999999996,w,2025-12-03 19:30:00,1,0,0,3,1.19447
Aston Villa,h,2.71986,1.85965,2.71986,1.85965,"{'att': 229, 'def': 17}","{'att': 212, 'def': 22}",11,9,2,1,1.9629,w,2025-12-06 12:30:00,1,0,0,3,0.8602100000000001
Aston Villa,a,0.595093,1.27701,0.595093,1.27701,"{'att': 228, 'def': 21}","{'att': 348, 'def': 28}",3,0,3,2,0.6824999999999999,w,2025-12-14 14:00:00,1,0,0,3,-0.681917
Aston Villa,h,1.86917,1.30455,1.86917,1.30455,"{'att': 265, 'def': 23}","{'att': 220, 'def': 38}",1,8,2,1,1.8699,w,2025-12-21 16:30:00,1,0,0,3,0.5646199999999999
Aston Villa,a,2.05918,1.97155,2.05918,1.97155,"{'att': 284, 'def': 7}","{'att': 187, 'def': 39}",6,11,2,1,1.444,w,2025-12-27 17:30:00,1,0,0,3,0.0876300000000001
Aston Villa,a,2.94195,4.41335,2.94195,4.41335,"{'att': 171, 'def': 8}","{'att': 262, 'def': 31}",4,8,1,4,0.5795,l,2025-12-30 20:15:00,0,0,1,0,-1.4714000000000005
Aston Villa,h,1.42988,0.8982,1.42988,0.8982,"{'att': 133, 'def': 33}","{'att': 336, 'def': 23}",20,3,3,1,1.8039999999999998,w,2026-01-03 12:30:00,1,0,0,3,0.53168
Aston Villa,a,2.07015,1.32505,2.07015,1.32505,"{'att': 202, 'def': 15}","{'att': 348, 'def': 18}",10,8,0,0,1.9556,d,2026-01-07 19:30:00,0,1,0,1,0.7450999999999999
Aston Villa,h,0.905393,0.745859,0.905393,0.745859,"{'att': 150, 'def': 19}","{'att': 270, 'def': 24}",10,3,0,1,1.4266999999999999,l,2026-01-18 16:30:00,0,0,1,0,0.15953399999999995
Aston Villa,a,1.32143,1.95484,1.32143,1.95484,"{'att': 271, 'def': 24}","{'att': 144, 'def': 22}",6,4,2,0,0.8787,w,2026-01-25 14:00:00,1,0,0,3,-0.6334099999999998
Aston Villa,h,2.15316,0.314916,2.15316,0.314916,"{'att': 138, 'def': 16}","{'att': 237, 'def': 13}",20,2,0,1,2.6269,l,2026-02-01 14:00:00,0,0,1,0,1.8382440000000002
Aston Villa,a,0.646496,1.82646,0.646496,1.82646,"{'att': 231, 'def': 17}","{'att': 203, 'def': 17}",8,6,1,1,0.5115,d,2026-02-07 15:00:00,0,1,0,1,-1.179964
Aston Villa,h,0.576138,0.481306,0.576138,0.481306,"{'att': 226, 'def': 14}","{'att': 243, 'def': 29}",10,5,1,0,1.3666,w,2026-02-11 19:30:00,1,0,0,3,0.09483200000000003
Aston Villa,h,1.25439,1.27855,1.25439,1.27855,"{'att': 128, 'def': 24}","{'att': 247, 'def': 25}",11,3,1,1,1.3373,d,2026-02-21 15:00:00,0,1,0,1,-0.02416000000000018
Aston Villa,a,1.31328,1.50771,1.31328,1.50771,"{'att': 192, 'def': 36}","{'att': 325, 'def': 19}",7,1,0,2,1.1668,l,2026-02-27 20:00:00,0,0,1,0,-0.1944300000000001
Aston Villa,h,1.06854,3.38883,1.06854,3.38883,"{'att': 412, 'def': 18}","{'att': 266, 'def': 21}",6,12,1,4,0.1863,l,2026-03-04 19:30:00,0,0,1,0,-2.32029
Aston Villa,a,1.21071,1.67823,1.21071,1.67823,"{'att': 260, 'def': 15}","{'att': 214, 'def': 22}",10,5,1,3,1.0158,l,2026-03-15 14:00:00,0,0,1,0,-0.46752000000000016
Aston Villa,h,2.48528,0.760054,2.48528,0.760054,"{'att': 220, 'def': 15}","{'att': 264, 'def': 17}",15,5,2,0,2.5688,w,2026-03-22 14:15:00,1,0,0,3,1.725226
Aston Villa,a,1.36297,0.85045,1.36297,0.85045,"{'att': 166, 'def': 16}","{'att': 292, 'def': 27}",6,6,1,1,1.7912000000000001,d,2026-04-12 13:00:00,0,1,0,1,0.51252
Aston Villa,h,3.90223,1.56008,3.90223,1.56008,"{'att': 229, 'def': 17}","{'att': 229, 'def': 19}",7,3,4,3,2.6763,w,2026-04-19 13:00:00,1,0,0,3,2.34215
Aston Villa,a,0.906156,1.24069,0.906156,1.24069,"{'att': 169, 'def': 19}","{'att': 334, 'def': 36}",4,5,0,1,1.0486,l,2026-04-25 11:30:00,0,0,1,0,-0.3345340000000001
Aston Villa,h,0.609494,1.12225,0.609494,1.12225,"{'att': 266, 'def': 28}","{'att': 232, 'def': 20}",0,3,1,2,0.8391000000000001,l,2026-05-03 19:00:00,0,0,1,0,-0.512756
Aston Villa,a,1.75493,1.71234,1.75493,1.71234,"{'att': 126, 'def': 16}","{'att': 315, 'def': 28}",7,7,2,2,1.3934,d,2026-05-10 14:00:00,0,1,0,1,0.04259000000000013
Aston Villa,h,2.5252,1.55027,2.5252,1.55027,"{'att': 249, 'def': 19}","{'att': 200, 'def': 14}",5,7,4,2,2.0842,w,2026-05-15 20:00:00,1,0,0,3,0.9749299999999999
Aston Villa,a,2.4397,1.38085,2.4397,1.38085,"{'att': 207, 'def': 10}","{'att': 324, 'def': 20}",4,14,2,1,2.1366,w,2026-05-24 15:00:00,1,0,0,3,1.0588500000000003
Everton,a,0.674338,2.3812,0.674338,1.62003,"{'att': 275, 'def': 10}","{'att': 251, 'def': 16}",2,5,0,1,0.2864,l,2025-08-18 19:00:00,0,0,1,0,-0.9456920000000001
Everton,h,1.80116,2.08487,1.80116,1.3237,"{'att': 301, 'def': 17}","{'att': 165, 'def': 19}",5,8,2,0,1.1070000000000002,w,2025-08-24 13:00:00,1,0,0,3,0.47746
Everton,a,2.03791,0.943257,2.03791,0.943257,"{'att': 311, 'def': 26}","{'att': 158, 'def': 27}",11,5,3,2,2.2217000000000002,w,2025-08-30 14:00:00,1,0,0,3,1.094653
Everton,h,1.8927,0.354327,1.8927,0.354327,"{'att': 191, 'def': 27}","{'att': 159, 'def': 19}",10,3,0,0,2.5199,d,2025-09-13 14:00:00,0,1,0,1,1.538373
Everton,a,0.721371,1.06166,0.721371,1.06166,"{'att': 260, 'def': 23}","{'att': 153, 'def': 26}",9,12,1,2,1.0035,l,2025-09-20 11:30:00,0,0,1,0,-0.34028900000000006
Everton,h,0.909703,0.775766,0.909703,0.775766,"{'att': 217, 'def': 17}","{'att': 216, 'def': 16}",12,7,1,1,1.4394999999999998,d,2025-09-29 19:00:00,0,1,0,1,0.13393700000000008
Everton,h,2.13876,2.17789,1.37759,2.17789,"{'att': 269, 'def': 29}","{'att': 245, 'def': 36}",5,6,2,1,1.3515,w,2025-10-05 13:00:00,1,0,0,3,-0.8003
Everton,a,0.794622,2.4799,0.794622,2.4799,"{'att': 434, 'def': 26}","{'att': 157, 'def': 18}",4,15,0,2,0.3247,l,2025-10-18 14:00:00,0,0,1,0,-1.6852780000000003
Everton,h,1.4032,2.09327,1.4032,2.09327,"{'att': 255, 'def': 19}","{'att': 221, 'def': 13}",6,3,0,3,0.831,l,2025-10-26 15:30:00,0,0,1,0,-0.69007
Everton,a,1.00741,1.18068,1.00741,1.18068,"{'att': 301, 'def': 13}","{'att': 173, 'def': 21}",5,7,1,1,1.244,d,2025-11-03 20:00:00,0,1,0,1,-0.17327000000000004
Everton,h,2.30607,0.424478,2.30607,0.424478,"{'att': 258, 'def': 17}","{'att': 198, 'def': 20}",5,7,2,0,2.6755,w,2025-11-08 15:00:00,1,0,0,3,1.881592
Everton,a,0.155063,2.2737,0.155063,2.2737,"{'att': 258, 'def': 9}","{'att': 105, 'def': 22}",2,15,1,0,0.13390000000000002,w,2025-11-24 20:00:00,1,0,0,3,-2.1186369999999997
Everton,h,1.01125,2.45882,1.01125,2.45882,"{'att': 343, 'def': 23}","{'att': 260, 'def': 12}",13,8,1,4,0.4603,l,2025-11-29 17:30:00,0,0,1,0,-1.4475699999999998
Everton,a,1.19573,0.635415,1.19573,0.635415,"{'att': 281, 'def': 24}","{'att': 158, 'def': 14}",5,7,1,0,1.8410999999999997,w,2025-12-02 19:30:00,1,0,0,3,0.560315
Everton,h,1.25348,0.31234,1.25348,0.31234,"{'att': 245, 'def': 29}","{'att': 151, 'def': 26}",9,1,3,0,2.2379,w,2025-12-06 15:00:00,1,0,0,3,0.9411399999999999
Everton,a,1.34,2.64457,1.34,2.64457,"{'att': 380, 'def': 25}","{'att': 188, 'def': 23}",4,6,0,2,0.5821000000000001,l,2025-12-13 15:00:00,0,0,1,0,-1.3045699999999998
Everton,h,0.213273,1.84723,0.213273,1.08606,"{'att': 410, 'def': 17}","{'att': 194, 'def': 14}",0,13,0,1,0.17,l,2025-12-20 20:00:00,0,0,1,0,-0.872787
Everton,a,1.25204,1.24948,1.25204,1.24948,"{'att': 244, 'def': 21}","{'att': 177, 'def': 21}",6,4,0,0,1.3984,d,2025-12-27 15:00:00,0,1,0,1,0.0025600000000001177
Everton,a,1.69525,1.75445,1.69525,1.75445,"{'att': 309, 'def': 23}","{'att': 150, 'def': 27}",4,16,2,0,1.3394,w,2025-12-30 19:30:00,1,0,0,3,-0.05920000000000014
Everton,h,1.00566,3.05179,1.00566,3.05179,"{'att': 286, 'def': 26}","{'att': 184, 'def': 20}",5,5,2,4,0.2893,l,2026-01-04 15:00:00,0,0,1,0,-2.04613
Everton,h,1.63321,0.71329,1.63321,0.71329,"{'att': 245, 'def': 24}","{'att': 200, 'def': 19}",2,5,1,1,2.1634,d,2026-01-07 19:30:00,0,1,0,1,0.9199200000000001
Everton,a,0.745859,0.905393,0.745859,0.905393,"{'att': 270, 'def': 24}","{'att': 150, 'def': 19}",3,10,1,0,1.2161,w,2026-01-18 16:30:00,1,0,0,3,-0.15953399999999995
Everton,h,0.889916,1.6766,0.889916,1.6766,"{'att': 230, 'def': 18}","{'att': 226, 'def': 22}",6,7,1,1,0.7228,d,2026-01-26 20:00:00,0,1,0,1,-0.786684
Everton,a,1.28126,1.42825,1.28126,1.42825,"{'att': 298, 'def': 18}","{'att': 220, 'def': 30}",7,9,1,1,1.234,d,2026-01-31 15:00:00,0,1,0,1,-0.14698999999999995
Everton,a,1.88778,2.20126,1.88778,2.20126,"{'att': 280, 'def': 22}","{'att': 218, 'def': 17}",6,11,2,1,1.1731,w,2026-02-07 15:00:00,1,0,0,3,-0.31348
Everton,h,2.33114,1.4121,1.56997,1.4121,"{'att': 210, 'def': 25}","{'att': 234, 'def': 18}",5,5,1,2,2.0488,l,2026-02-10 19:30:00,0,0,1,0,0.15787000000000018
Everton,h,0.560924,1.4547,0.560924,1.4547,"{'att': 263, 'def': 24}","{'att': 166, 'def': 12}",6,5,0,1,0.5678,l,2026-02-23 20:00:00,0,0,1,0,-0.8937760000000001
Everton,a,2.40731,1.11889,2.40731,1.11889,"{'att': 256, 'def': 16}","{'att': 146, 'def': 30}",4,13,3,2,2.4895,w,2026-02-28 15:00:00,1,0,0,3,1.28842
Everton,h,1.15845,0.762229,1.15845,0.762229,"{'att': 289, 'def': 24}","{'att': 299, 'def': 21}",4,2,2,0,1.6492,w,2026-03-03 19:30:00,1,0,0,3,0.39622099999999993
Everton,a,1.17847,1.90855,1.17847,1.90855,"{'att': 235, 'def': 15}","{'att': 179, 'def': 23}",1,10,0,2,0.8188,l,2026-03-14 17:30:00,0,0,1,0,-0.7300800000000001
Everton,h,1.44532,1.35143,1.44532,1.35143,"{'att': 381, 'def': 13}","{'att': 213, 'def': 18}",7,9,3,0,1.4251,w,2026-03-21 17:30:00,1,0,0,3,0.09389000000000003
Everton,a,1.57033,2.26302,1.57033,1.50185,"{'att': 248, 'def': 23}","{'att': 197, 'def': 18}",8,5,2,2,0.8997999999999999,d,2026-04-11 14:00:00,0,1,0,1,0.0684800000000001
Everton,h,1.4784,1.38333,1.4784,1.38333,"{'att': 298, 'def': 20}","{'att': 196, 'def': 22}",5,8,1,2,1.4591,l,2026-04-19 13:00:00,0,0,1,0,0.09506999999999999
Everton,a,1.1144,1.8356,1.1144,1.8356,"{'att': 203, 'def': 17}","{'att': 251, 'def': 26}",9,7,1,2,0.8041,l,2026-04-25 14:00:00,0,0,1,0,-0.7211999999999998
Everton,h,1.68558,1.41706,1.68558,1.41706,"{'att': 280, 'def': 17}","{'att': 97, 'def': 15}",1,14,3,3,1.5911,d,2026-05-04 20:00:00,0,1,0,1,0.2685200000000001
Everton,a,2.10265,3.28826,2.10265,3.28826,"{'att': 227, 'def': 14}","{'att': 134, 'def': 21}",9,9,2,2,0.7327,d,2026-05-10 14:00:00,0,1,0,1,-1.18561
Everton,h,1.32181,1.28383,1.32181,1.28383,"{'att': 261, 'def': 18}","{'att': 204, 'def': 16}",3,2,1,3,1.3961999999999999,l,2026-05-17 15:00:00,0,0,1,0,0.0379799999999999
Everton,a,0.268476,1.40597,0.268476,1.40597,"{'att': 226, 'def': 29}","{'att': 195, 'def': 26}",3,2,0,1,0.3246,l,2026-05-24 15:00:00,0,0,1,0,-1.137494
Bournemouth,a,1.57303,2.33007,1.57303,2.33007,"{'att': 278, 'def': 24}","{'att': 149, 'def': 17}",8,9,2,4,0.8954,l,2025-08-15 19:00:00,0,0,1,0,-0.7570400000000002
Bournemouth,h,1.78462,0.373367,1.78462,0.373367,"{'att': 147, 'def': 25}","{'att': 219, 'def': 21}",6,3,1,0,2.5305999999999997,w,2025-08-23 14:00:00,1,0,0,3,1.411253
Bournemouth,a,2.1201,0.17067,2.1201,0.17067,"{'att': 293, 'def': 41}","{'att': 130, 'def': 25}",11,4,1,0,2.7342000000000004,w,2025-08-30 14:00:00,1,0,0,3,1.94943
Bournemouth,h,1.44187,0.624923,0.680706,0.624923,"{'att': 195, 'def': 18}","{'att': 200, 'def': 23}",5,3,2,1,2.1195,w,2025-09-13 14:00:00,1,0,0,3,0.05578300000000003
Bournemouth,h,0.55066,0.153629,0.55066,0.153629,"{'att': 184, 'def': 22}","{'att': 279, 'def': 17}",4,6,0,0,1.7041999999999997,d,2025-09-21 13:00:00,0,1,0,1,0.397031
Bournemouth,a,1.06033,2.04728,1.06033,2.04728,"{'att': 210, 'def': 25}","{'att': 262, 'def': 26}",9,3,2,2,0.6846,d,2025-09-27 14:00:00,0,1,0,1,-0.9869500000000002
Bournemouth,h,1.33458,0.84335,1.33458,0.84335,"{'att': 235, 'def': 17}","{'att': 268, 'def': 14}",13,10,3,1,1.8082,w,2025-10-03 19:00:00,1,0,0,3,0.49123000000000006
Bournemouth,a,2.0471,4.56284,2.0471,3.80167,"{'att': 219, 'def': 27}","{'att': 196, 'def': 25}",6,14,3,3,0.1793,d,2025-10-18 14:00:00,0,1,0,1,-1.7545700000000002
Bournemouth,h,0.656601,0.305493,0.656601,0.305493,"{'att': 201, 'def': 25}","{'att': 235, 'def': 20}",7,4,2,0,1.6589999999999998,w,2025-10-26 13:00:00,1,0,0,3,0.351108
Bournemouth,a,0.899846,2.48999,0.899846,2.48999,"{'att': 258, 'def': 23}","{'att': 323, 'def': 16}",4,8,1,3,0.3725,l,2025-11-02 16:30:00,0,0,1,0,-1.590144
Bournemouth,a,2.00992,1.88282,1.24875,1.88282,"{'att': 184, 'def': 27}","{'att': 168, 'def': 29}",6,10,0,4,1.4691999999999998,l,2025-11-09 14:00:00,0,0,1,0,-0.6340699999999999
Bournemouth,h,3.48299,0.390782,2.72182,0.390782,"{'att': 76, 'def': 33}","{'att': 239, 'def': 11}",9,3,2,2,2.9155,d,2025-11-22 15:00:00,0,1,0,1,2.331038
Bournemouth,a,1.79274,1.16955,1.79274,0.40842,"{'att': 139, 'def': 18}","{'att': 198, 'def': 20}",9,9,2,3,1.8752999999999997,l,2025-11-29 15:00:00,0,0,1,0,1.38432
Bournemouth,h,0.635415,1.19573,0.635415,1.19573,"{'att': 158, 'def': 14}","{'att': 281, 'def': 24}",7,5,0,1,0.8400000000000001,l,2025-12-02 19:30:00,0,0,1,0,-0.560315
Bournemouth,h,1.41931,0.672602,1.41931,0.672602,"{'att': 288, 'def': 26}","{'att': 163, 'def': 20}",6,4,0,0,2.1058,d,2025-12-06 15:00:00,0,1,0,1,0.746708
Bournemouth,a,2.35196,3.21204,2.35196,3.21204,"{'att': 176, 'def': 13}","{'att': 109, 'def': 18}",12,18,4,4,0.8651,d,2025-12-15 20:00:00,0,1,0,1,-0.86008
Bournemouth,h,1.81847,0.480528,1.81847,0.480528,"{'att': 121, 'def': 22}","{'att': 233, 'def': 22}",12,3,1,1,2.4666,d,2025-12-20 15:00:00,0,1,0,1,1.337942
Bournemouth,a,2.56183,2.8513,2.56183,2.8513,"{'att': 206, 'def': 30}","{'att': 166, 'def': 20}",5,9,1,4,1.1932,l,2025-12-27 15:00:00,0,0,1,0,-0.2894700000000001
Bournemouth,a,3.49142,2.33294,3.49142,1.57177,"{'att': 253, 'def': 16}","{'att': 119, 'def': 24}",8,10,2,2,2.1684,d,2025-12-30 19:30:00,0,1,0,1,1.9196500000000003
Bournemouth,h,0.947846,1.28,0.947846,1.28,"{'att': 250, 'def': 16}","{'att': 175, 'def': 22}",4,9,2,3,1.0641,l,2026-01-03 17:30:00,0,0,1,0,-0.33215400000000006
Bournemouth,h,1.19014,1.6261,1.19014,1.6261,"{'att': 254, 'def': 28}","{'att': 166, 'def': 18}",4,8,3,2,1.0072,w,2026-01-07 19:30:00,1,0,0,3,-0.4359600000000001
Bournemouth,a,1.69737,0.995777,0.936204,0.995777,"{'att': 291, 'def': 13}","{'att': 133, 'def': 20}",7,8,1,1,1.9743000000000002,d,2026-01-19 20:00:00,0,1,0,1,-0.05957299999999999
Bournemouth,h,3.31474,0.937335,3.31474,0.937335,"{'att': 272, 'def': 8}","{'att': 158, 'def': 16}",7,18,3,2,2.7662,w,2026-01-24 17:30:00,1,0,0,3,2.377405
Bournemouth,a,1.59116,2.10353,1.59116,2.10353,"{'att': 293, 'def': 24}","{'att': 285, 'def': 21}",4,5,2,0,1.0088,w,2026-01-31 15:00:00,1,0,0,3,-0.5123700000000002
Bournemouth,h,1.82646,0.646496,1.82646,0.646496,"{'att': 203, 'def': 17}","{'att': 231, 'def': 17}",6,8,1,1,2.2787999999999995,d,2026-02-07 15:00:00,0,1,0,1,1.179964
Bournemouth,a,1.4121,2.33114,1.4121,1.56997,"{'att': 234, 'def': 18}","{'att': 210, 'def': 25}",5,5,2,1,0.7162,w,2026-02-10 19:30:00,1,0,0,3,-0.15787000000000018
Bournemouth,a,0.522731,2.34412,0.522731,2.34412,"{'att': 176, 'def': 23}","{'att': 274, 'def': 22}",3,8,0,0,0.24330000000000002,d,2026-02-21 17:30:00,0,1,0,1,-1.8213890000000004
Bournemouth,h,1.82434,1.07887,1.82434,1.07887,"{'att': 129, 'def': 27}","{'att': 201, 'def': 34}",9,1,1,1,1.9301000000000001,d,2026-02-28 12:30:00,0,1,0,1,0.7454700000000001
Bournemouth,h,2.3177,0.673328,2.3177,0.673328,"{'att': 250, 'def': 24}","{'att': 184, 'def': 22}",12,4,0,0,2.5221,d,2026-03-03 19:30:00,0,1,0,1,1.6443719999999997
Bournemouth,a,2.36979,1.67695,2.36979,1.67695,"{'att': 124, 'def': 13}","{'att': 253, 'def': 20}",9,5,0,0,1.8564000000000003,d,2026-03-14 15:00:00,0,1,0,1,0.6928400000000001
Bournemouth,h,1.76664,1.74574,1.00547,0.984568,"{'att': 218, 'def': 20}","{'att': 254, 'def': 21}",6,8,2,2,1.3639000000000001,d,2026-03-20 20:00:00,0,1,0,1,0.020902000000000087
Bournemouth,a,1.39461,3.16346,1.39461,2.40229,"{'att': 208, 'def': 26}","{'att': 214, 'def': 23}",5,5,2,1,0.2743,w,2026-04-11 11:30:00,1,0,0,3,-1.00768
Bournemouth,a,3.36662,1.61167,3.36662,1.61167,"{'att': 221, 'def': 21}","{'att': 200, 'def': 25}",7,8,2,1,2.5901,w,2026-04-18 14:00:00,1,0,0,3,1.7549500000000002
Bournemouth,h,1.91355,1.21601,1.91355,1.21601,"{'att': 168, 'def': 19}","{'att': 208, 'def': 20}",13,6,2,2,1.8973000000000002,d,2026-04-22 19:00:00,0,1,0,1,0.69754
Bournemouth,h,2.29626,0.678329,1.53509,0.678329,"{'att': 227, 'def': 22}","{'att': 208, 'def': 21}",6,10,3,0,2.5408999999999997,w,2026-05-03 14:00:00,1,0,0,3,0.8567610000000001
Bournemouth,a,0.998003,1.24334,0.998003,1.24334,"{'att': 311, 'def': 23}","{'att': 213, 'def': 18}",4,8,1,0,1.1361999999999999,w,2026-05-09 15:00:00,1,0,0,3,-0.24533699999999992
Bournemouth,h,1.71486,1.26917,1.71486,1.26917,"{'att': 309, 'def': 29}","{'att': 241, 'def': 11}",9,12,1,1,1.7151,d,2026-05-19 19:30:00,0,1,0,1,0.44569000000000014
Bournemouth,a,1.33684,2.05852,1.33684,2.05852,"{'att': 232, 'def': 29}","{'att': 215, 'def': 12}",8,3,1,1,0.8557,d,2026-05-24 15:00:00,0,1,0,1,-0.7216800000000001
Sunderland,h,0.724368,0.558948,0.724368,0.558948,"{'att': 291, 'def': 14}","{'att': 165, 'def': 15}",2,8,3,0,1.48,w,2025-08-16 14:00:00,1,0,0,3,0.16542
Sunderland,a,1.12127,1.00381,1.12127,1.00381,"{'att': 247, 'def': 12}","{'att': 324, 'def': 21}",4,4,0,2,1.448,l,2025-08-23 14:00:00,0,0,1,0,0.1174599999999999
Sunderland,h,1.57127,1.44604,0.810099,0.684874,"{'att': 197, 'def': 38}","{'att': 237, 'def': 11}",2,4,2,1,1.4156,w,2025-08-30 14:00:00,1,0,0,3,0.12522500000000003
Sunderland,a,0.354129,1.75805,0.354129,1.75805,"{'att': 320, 'def': 18}","{'att': 244, 'def': 18}",4,8,0,0,0.31589999999999996,d,2025-09-13 14:00:00,0,1,0,1,-1.403921
Sunderland,h,0.938312,0.939354,0.938312,0.939354,"{'att': 227, 'def': 23}","{'att': 112, 'def': 16}",4,16,1,1,1.3236999999999999,d,2025-09-21 13:00:00,0,1,0,1,-0.0010419999999999874
Sunderland,a,1.94154,1.4203,1.94154,1.4203,"{'att': 295, 'def': 10}","{'att': 186, 'def': 20}",3,6,1,0,1.7727,w,2025-09-27 16:30:00,1,0,0,3,0.5212400000000001
Sunderland,a,0.807119,1.9298,0.807119,1.9298,"{'att': 244, 'def': 25}","{'att': 234, 'def': 23}",3,7,0,2,0.5388,l,2025-10-04 14:00:00,0,0,1,0,-1.122681
Sunderland,h,1.02481,0.676323,1.02481,0.676323,"{'att': 255, 'def': 7}","{'att': 157, 'def': 30}",6,11,2,0,1.6885000000000001,w,2025-10-18 14:00:00,1,0,0,3,0.348487
Sunderland,a,1.5506,1.21332,1.5506,1.21332,"{'att': 368, 'def': 17}","{'att': 168, 'def': 18}",6,11,2,1,1.6661000000000001,w,2025-10-25 14:00:00,1,0,0,3,0.33728
Sunderland,h,1.18068,1.00741,1.18068,1.00741,"{'att': 173, 'def': 21}","{'att': 301, 'def': 13}",7,5,1,1,1.4357000000000002,d,2025-11-03 20:00:00,0,1,0,1,0.17327000000000004
Sunderland,h,1.20495,2.32943,1.20495,2.32943,"{'att': 202, 'def': 15}","{'att': 151, 'def': 16}",7,11,2,2,0.6061,d,2025-11-08 17:30:00,0,1,0,1,-1.12448
Sunderland,a,0.222768,2.83729,0.222768,2.83729,"{'att': 275, 'def': 21}","{'att': 212, 'def': 15}",2,17,0,1,0.0823,l,2025-11-22 15:00:00,0,0,1,0,-2.614522
Sunderland,h,1.16955,1.79274,0.40842,1.79274,"{'att': 198, 'def': 20}","{'att': 139, 'def': 18}",9,9,3,2,0.8139000000000001,w,2025-11-29 15:00:00,1,0,0,3,-1.38432
Sunderland,a,0.712662,1.37633,0.712662,1.37633,"{'att': 290, 'def': 15}","{'att': 161, 'def': 17}",3,5,1,1,0.7938999999999999,d,2025-12-03 20:15:00,0,1,0,1,-0.663668
Sunderland,a,0.626486,2.41605,0.626486,2.41605,"{'att': 277, 'def': 21}","{'att': 235, 'def': 14}",1,7,0,3,0.2988,l,2025-12-06 15:00:00,0,0,1,0,-1.789564
Sunderland,h,0.630045,0.169329,0.630045,0.169329,"{'att': 268, 'def': 23}","{'att': 167, 'def': 16}",5,4,1,0,1.8202,w,2025-12-14 14:00:00,1,0,0,3,0.46071599999999996
Sunderland,a,1.31044,0.919272,1.31044,0.919272,"{'att': 213, 'def': 25}","{'att': 168, 'def': 17}",8,10,0,0,1.6883000000000001,d,2025-12-20 15:00:00,0,1,0,1,0.39116800000000007
Sunderland,h,0.805957,2.60653,0.805957,2.60653,"{'att': 305, 'def': 15}","{'att': 217, 'def': 22}",5,16,1,1,0.30510000000000004,d,2025-12-28 14:00:00,0,1,0,1,-1.8005729999999998
Sunderland,h,0.962141,2.44247,0.962141,2.44247,"{'att': 316, 'def': 37}","{'att': 148, 'def': 26}",5,17,0,0,0.4552,d,2026-01-01 20:00:00,0,1,0,1,-1.4803290000000002
Sunderland,a,0.467481,1.4175,0.467481,1.4175,"{'att': 165, 'def': 20}","{'att': 200, 'def': 27}",9,9,1,1,0.4607,d,2026-01-04 15:00:00,0,1,0,1,-0.950019
Sunderland,a,1.50644,3.86096,0.745273,3.86096,"{'att': 202, 'def': 19}","{'att': 227, 'def': 16}",5,13,0,3,0.1961,l,2026-01-07 19:30:00,0,0,1,0,-3.115687
Sunderland,h,1.84601,1.15169,1.84601,1.15169,"{'att': 155, 'def': 19}","{'att': 243, 'def': 20}",2,2,2,1,1.9298,w,2026-01-17 15:00:00,1,0,0,3,0.6943199999999998
Sunderland,a,0.713838,2.18675,0.713838,1.42558,"{'att': 189, 'def': 22}","{'att': 251, 'def': 18}",1,5,1,3,0.344,l,2026-01-24 12:30:00,0,0,1,0,-0.7117420000000001
Sunderland,h,1.8865,0.126371,1.8865,0.126371,"{'att': 295, 'def': 15}","{'att': 246, 'def': 23}",7,2,3,0,2.7438,w,2026-02-02 20:00:00,1,0,0,3,1.760129
Sunderland,a,0.427225,1.19401,0.427225,1.19401,"{'att': 192, 'def': 14}","{'att': 236, 'def': 26}",1,9,0,3,0.6584,l,2026-02-07 15:00:00,0,0,1,0,-0.766785
Sunderland,h,0.693794,3.08172,0.693794,3.08172,"{'att': 217, 'def': 19}","{'att': 207, 'def': 21}",8,10,0,1,0.1827,l,2026-02-11 20:15:00,0,0,1,0,-2.3879259999999998
Sunderland,h,1.7609,2.16696,0.99973,1.40579,"{'att': 197, 'def': 12}","{'att': 253, 'def': 21}",16,8,1,3,1.0548,l,2026-02-22 14:00:00,0,0,1,0,-0.4060600000000001
Sunderland,a,1.07887,1.82434,1.07887,1.82434,"{'att': 201, 'def': 34}","{'att': 129, 'def': 27}",1,9,1,1,0.8050999999999999,d,2026-02-28 12:30:00,0,1,0,1,-0.7454700000000001
Sunderland,a,0.843856,0.888232,0.0826876,0.888232,"{'att': 325, 'def': 21}","{'att': 107, 'def': 27}",1,7,1,0,1.3852,w,2026-03-03 19:30:00,1,0,0,3,-0.8055444
Sunderland,h,0.659083,1.12832,0.659083,1.12832,"{'att': 261, 'def': 13}","{'att': 217, 'def': 25}",9,12,0,1,0.9139999999999999,l,2026-03-14 15:00:00,0,0,1,0,-0.469237
Sunderland,a,2.66657,1.26705,2.66657,1.26705,"{'att': 243, 'def': 22}","{'att': 106, 'def': 17}",10,3,2,1,2.324,w,2026-03-22 12:00:00,1,0,0,3,1.39952
Sunderland,h,1.77584,1.01598,1.77584,1.01598,"{'att': 214, 'def': 30}","{'att': 208, 'def': 19}",7,3,1,0,1.9645,w,2026-04-12 13:00:00,1,0,0,3,0.75986
Sunderland,a,1.56008,3.90223,1.56008,3.90223,"{'att': 229, 'def': 19}","{'att': 229, 'def': 17}",3,7,3,4,0.2352,l,2026-04-19 13:00:00,0,0,1,0,-2.34215
Sunderland,h,0.614323,1.54208,0.614323,1.54208,"{'att': 119, 'def': 22}","{'att': 213, 'def': 20}",13,3,0,5,0.5967,l,2026-04-24 19:00:00,0,0,1,0,-0.9277569999999999
Sunderland,a,0.923954,1.96131,0.923954,1.96131,"{'att': 249, 'def': 19}","{'att': 138, 'def': 17}",6,10,1,1,0.6384,d,2026-05-02 15:00:00,0,1,0,1,-1.037356
Sunderland,h,1.2376,0.535981,1.2376,0.535981,"{'att': 244, 'def': 18}","{'att': 268, 'def': 21}",13,7,0,0,1.9752999999999998,d,2026-05-09 15:00:00,0,1,0,1,0.701619
Sunderland,a,1.28383,1.32181,1.28383,1.32181,"{'att': 204, 'def': 16}","{'att': 261, 'def': 18}",2,3,3,1,1.2879,w,2026-05-17 15:00:00,1,0,0,3,-0.0379799999999999
Sunderland,h,2.33109,0.920885,2.33109,0.920885,"{'att': 254, 'def': 32}","{'att': 190, 'def': 11}",12,7,2,1,2.3832,w,2026-05-24 15:00:00,1,0,0,3,1.4102050000000002
Crystal Palace,a,1.03414,1.36793,1.03414,1.36793,"{'att': 335, 'def': 19}","{'att': 135, 'def': 23}",2,7,0,0,1.093,d,2025-08-17 13:00:00,0,1,0,1,-0.33379000000000003
Crystal Palace,h,1.10188,1.32987,1.10188,1.32987,"{'att': 294, 'def': 23}","{'att': 197, 'def': 19}",6,4,1,1,1.1537,d,2025-08-24 13:00:00,0,1,0,1,-0.22799000000000014
Crystal Palace,a,2.59713,1.20586,1.83596,1.20586,"{'att': 288, 'def': 15}","{'att': 222, 'def': 21}",5,6,3,0,2.4577999999999998,w,2025-08-31 18:00:00,1,0,0,3,0.6301000000000001
Crystal Palace,h,1.75805,0.354129,1.75805,0.354129,"{'att': 244, 'def': 18}","{'att': 320, 'def': 18}",8,4,0,0,2.5155,d,2025-09-13 14:00:00,0,1,0,1,1.403921
Crystal Palace,a,2.33565,0.466365,2.33565,0.466365,"{'att': 262, 'def': 11}","{'att': 197, 'def': 23}",7,5,2,1,2.6628,w,2025-09-20 14:00:00,1,0,0,3,1.8692849999999999
Crystal Palace,h,3.53323,3.10176,3.53323,3.10176,"{'att': 390, 'def': 16}","{'att': 120, 'def': 14}",12,5,2,1,1.6584,w,2025-09-27 14:00:00,1,0,0,3,0.43147
Crystal Palace,a,2.17789,2.13876,2.17789,1.37759,"{'att': 245, 'def': 36}","{'att': 269, 'def': 29}",6,5,1,2,1.3839,l,2025-10-05 13:00:00,0,0,1,0,0.8003
Crystal Palace,h,4.56284,2.0471,3.80167,2.0471,"{'att': 196, 'def': 25}","{'att': 219, 'def': 27}",14,6,3,3,2.7443,d,2025-10-18 14:00:00,0,1,0,1,1.7545700000000002
Crystal Palace,a,0.350534,0.856175,0.350534,0.856175,"{'att': 311, 'def': 11}","{'att': 211, 'def': 17}",1,5,0,1,0.7859999999999999,l,2025-10-26 13:00:00,0,0,1,0,-0.505641
Crystal Palace,h,0.734558,0.820498,0.734558,0.820498,"{'att': 310, 'def': 16}","{'att': 128, 'def': 22}",5,8,2,0,1.2190999999999999,w,2025-11-01 15:00:00,1,0,0,3,-0.0859399999999999
Crystal Palace,h,0.839547,0.637037,0.839547,0.637037,"{'att': 306, 'def': 26}","{'att': 210, 'def': 21}",10,7,0,0,1.4652,d,2025-11-09 14:00:00,0,1,0,1,0.20251000000000008
Crystal Palace,a,1.44933,1.66409,1.44933,1.66409,"{'att': 251, 'def': 25}","{'att': 246, 'def': 23}",11,10,2,0,1.146,w,2025-11-22 15:00:00,1,0,0,3,-0.21476000000000006
Crystal Palace,h,2.13561,1.47768,1.37444,1.47768,"{'att': 241, 'def': 19}","{'att': 170, 'def': 19}",4,1,1,2,1.9058000000000002,l,2025-11-30 12:00:00,0,0,1,0,-0.10324
Crystal Palace,a,0.987797,1.16852,0.987797,1.16852,"{'att': 347, 'def': 14}","{'att': 244, 'def': 25}",4,9,1,0,1.1972999999999998,w,2025-12-03 19:30:00,1,0,0,3,-0.18072299999999997
Crystal Palace,a,1.71109,0.766771,1.71109,0.766771,"{'att': 402, 'def': 19}","{'att': 231, 'def': 19}",3,5,2,1,2.092,w,2025-12-07 16:30:00,1,0,0,3,0.944319
Crystal Palace,h,1.30092,1.35317,1.30092,0.591996,"{'att': 361, 'def': 27}","{'att': 195, 'def': 15}",8,3,0,3,1.2586000000000002,l,2025-12-14 14:00:00,0,0,1,0,0.7089240000000001
Crystal Palace,a,1.53058,2.90786,0.769407,2.90786,"{'att': 254, 'def': 29}","{'att': 199, 'def': 19}",5,7,1,4,0.4698,l,2025-12-20 20:00:00,0,0,1,0,-2.138453
Crystal Palace,h,0.929681,0.870768,0.929681,0.870768,"{'att': 167, 'def': 23}","{'att': 298, 'def': 9}",16,6,0,1,1.3204,l,2025-12-28 16:30:00,0,0,1,0,0.05891299999999999
Crystal Palace,h,2.35346,1.75434,2.35346,1.75434,"{'att': 335, 'def': 13}","{'att': 203, 'def': 25}",10,9,1,1,1.8459999999999999,d,2026-01-01 17:30:00,0,1,0,1,0.5991200000000001
Crystal Palace,a,1.27825,2.72764,1.27825,2.72764,"{'att': 278, 'def': 30}","{'att': 147, 'def': 16}",9,10,0,2,0.4227,l,2026-01-04 15:00:00,0,0,1,0,-1.44939
Crystal Palace,h,1.32505,2.07015,1.32505,2.07015,"{'att': 348, 'def': 18}","{'att': 202, 'def': 15}",8,10,0,0,0.8117,d,2026-01-07 19:30:00,0,1,0,1,-0.7450999999999999
Crystal Palace,a,1.15169,1.84601,1.15169,1.84601,"{'att': 243, 'def': 20}","{'att': 155, 'def': 19}",2,2,1,2,0.8102,l,2026-01-17 15:00:00,0,0,1,0,-0.6943199999999998
Crystal Palace,h,2.41793,3.08817,2.41793,2.327,"{'att': 418, 'def': 24}","{'att': 242, 'def': 26}",5,4,1,3,0.9526,l,2026-01-25 14:00:00,0,0,1,0,0.09093000000000018
Crystal Palace,a,1.648,0.987254,0.886826,0.987254,"{'att': 144, 'def': 31}","{'att': 278, 'def': 8}",10,3,1,1,1.9155000000000002,d,2026-02-01 14:00:00,0,1,0,1,-0.10042799999999996
Crystal Palace,a,0.928404,0.737798,0.928404,0.737798,"{'att': 368, 'def': 18}","{'att': 159, 'def': 21}",6,3,1,0,1.5053,w,2026-02-08 14:00:00,1,0,0,3,0.19060600000000005
Crystal Palace,h,2.1276,0.691273,2.1276,0.691273,"{'att': 146, 'def': 19}","{'att': 318, 'def': 17}",15,5,2,3,2.3823,l,2026-02-11 19:30:00,0,0,1,0,1.4363270000000001
Crystal Palace,h,2.03559,1.67749,2.03559,0.916319,"{'att': 121, 'def': 20}","{'att': 210, 'def': 21}",4,5,1,0,1.6461000000000001,w,2026-02-22 14:00:00,1,0,0,3,1.119271
Crystal Palace,a,0.384699,2.34609,0.384699,1.58492,"{'att': 312, 'def': 21}","{'att': 235, 'def': 21}",5,8,1,2,0.1676,l,2026-03-01 14:00:00,0,0,1,0,-1.200221
Crystal Palace,a,1.91515,1.29615,1.15398,1.29615,"{'att': 179, 'def': 17}","{'att': 291, 'def': 21}",9,3,3,1,1.8688,w,2026-03-05 20:00:00,1,0,0,3,-0.1421699999999999
Crystal Palace,h,0.525205,1.13558,0.525205,0.374413,"{'att': 98, 'def': 12}","{'att': 229, 'def': 13}",2,4,0,0,0.6851,d,2026-03-15 14:00:00,0,1,0,1,0.15079200000000004
Crystal Palace,h,3.13933,1.27299,2.37816,1.27299,"{'att': 295, 'def': 29}","{'att': 195, 'def': 18}",4,3,2,1,2.5955000000000004,w,2026-04-12 13:00:00,1,0,0,3,1.1051699999999998
Crystal Palace,h,0.733442,0.622445,0.733442,0.622445,"{'att': 185, 'def': 18}","{'att': 258, 'def': 25}",5,5,0,0,1.4175,d,2026-04-20 19:00:00,0,1,0,1,0.11099700000000001
Crystal Palace,a,2.19912,1.45071,2.19912,1.45071,"{'att': 278, 'def': 18}","{'att': 259, 'def': 17}",6,6,1,3,1.8945,l,2026-04-25 14:00:00,0,0,1,0,0.7484100000000002
Crystal Palace,a,0.678329,2.29626,0.678329,1.53509,"{'att': 208, 'def': 21}","{'att': 227, 'def': 22}",10,6,0,3,0.3143,l,2026-05-03 14:00:00,0,0,1,0,-0.8567610000000001
Crystal Palace,h,3.28826,2.10265,3.28826,2.10265,"{'att': 134, 'def': 21}","{'att': 227, 'def': 14}",9,9,2,2,2.0941,d,2026-05-10 14:00:00,0,1,0,1,1.18561
Crystal Palace,a,0.428862,1.95679,0.428862,1.95679,"{'att': 337, 'def': 12}","{'att': 188, 'def': 24}",2,17,0,3,0.3052,l,2026-05-13 20:00:00,0,0,1,0,-1.527928
Crystal Palace,a,1.82274,1.54564,1.06157,1.54564,"{'att': 284, 'def': 9}","{'att': 133, 'def': 9}",14,9,2,2,1.5973000000000002,d,2026-05-17 15:00:00,0,1,0,1,-0.48407
Crystal Palace,h,1.00492,3.90645,1.00492,3.90645,"{'att': 284, 'def': 16}","{'att': 178, 'def': 18}",3,8,1,2,0.11460000000000001,l,2026-05-24 15:00:00,0,0,1,0,-2.90153
Chelsea,h,1.36793,1.03414,1.36793,1.03414,"{'att': 135, 'def': 23}","{'att': 335, 'def': 19}",7,2,0,0,1.6141,d,2025-08-17 13:00:00,0,1,0,1,0.33379000000000003
Chelsea,a,3.94997,0.978572,3.94997,0.978572,"{'att': 227, 'def': 19}","{'att': 342, 'def': 13}",5,6,5,1,2.8571000000000004,w,2025-08-22 19:00:00,1,0,0,3,2.9713979999999998
Chelsea,h,2.4324,0.736228,1.67123,0.736228,"{'att': 233, 'def': 25}","{'att': 293, 'def': 27}",4,9,2,0,2.5668,w,2025-08-30 11:30:00,1,0,0,3,0.935002
Chelsea,a,0.755999,1.17533,0.755999,1.17533,"{'att': 151, 'def': 29}","{'att': 323, 'def': 16}",12,8,2,2,0.9162,d,2025-09-13 19:00:00,0,1,0,1,-0.419331
Chelsea,a,0.469843,1.34458,0.469843,1.34458,"{'att': 184, 'def': 14}","{'att': 337, 'def': 26}",5,4,1,2,0.5622,l,2025-09-20 16:30:00,0,0,1,0,-0.8747370000000001
Chelsea,h,2.02653,2.4751,2.02653,2.4751,"{'att': 162, 'def': 19}","{'att': 266, 'def': 29}",4,8,1,3,1.0291,l,2025-09-27 14:00:00,0,0,1,0,-0.4485699999999997
Chelsea,h,1.23721,2.05981,1.23721,2.05981,"{'att': 266, 'def': 20}","{'att': 274, 'def': 16}",6,9,2,1,0.7363,w,2025-10-04 16:30:00,1,0,0,3,-0.8226000000000002
Chelsea,a,2.5583,2.0555,2.5583,2.0555,"{'att': 246, 'def': 29}","{'att': 282, 'def': 19}",6,9,3,0,1.7066999999999999,w,2025-10-18 11:30:00,1,0,0,3,0.5028000000000001
Chelsea,h,1.21332,1.5506,1.21332,1.5506,"{'att': 168, 'def': 18}","{'att': 368, 'def': 17}",11,6,1,2,1.0463,l,2025-10-25 14:00:00,0,0,1,0,-0.33728
Chelsea,a,3.34251,0.146954,3.34251,0.146954,"{'att': 217, 'def': 31}","{'att': 214, 'def': 25}",13,4,1,0,2.9549999999999996,w,2025-11-01 17:30:00,1,0,0,3,3.195556
Chelsea,h,3.98342,0.111462,3.98342,0.111462,"{'att': 198, 'def': 19}","{'att': 306, 'def': 15}",13,1,3,0,2.9846,w,2025-11-08 20:00:00,1,0,0,3,3.8719580000000002
Chelsea,a,1.72093,0.660943,1.72093,0.660943,"{'att': 250, 'def': 19}","{'att': 367, 'def': 26}",11,6,2,0,2.2234000000000003,w,2025-11-22 12:30:00,1,0,0,3,1.059987
Chelsea,h,0.791914,1.22828,0.791914,1.22828,"{'att': 231, 'def': 20}","{'att': 155, 'def': 20}",2,7,1,1,0.9354,d,2025-11-30 16:30:00,0,1,0,1,-0.43636600000000003
Chelsea,a,0.964018,2.2047,0.964018,2.2047,"{'att': 120, 'def': 21}","{'att': 430, 'def': 18}",8,3,1,3,0.47669999999999996,l,2025-12-03 20:15:00,0,0,1,0,-1.2406819999999998
Chelsea,a,0.672602,1.41931,0.672602,1.41931,"{'att': 163, 'def': 20}","{'att': 288, 'def': 26}",4,6,0,0,0.6232,d,2025-12-06 15:00:00,0,1,0,1,-0.746708
Chelsea,h,2.64457,1.34,2.64457,1.34,"{'att': 188, 'def': 23}","{'att': 380, 'def': 25}",6,4,2,0,2.2369000000000003,w,2025-12-13 15:00:00,1,0,0,3,1.3045699999999998
Chelsea,a,1.0261,2.87863,1.0261,2.87863,"{'att': 183, 'def': 20}","{'att': 224, 'def': 27}",7,7,2,2,0.2691,d,2025-12-20 12:30:00,0,1,0,1,-1.8525299999999998
Chelsea,h,1.97155,2.05918,1.97155,2.05918,"{'att': 187, 'def': 39}","{'att': 284, 'def': 7}",11,6,1,2,1.2811,l,2025-12-27 17:30:00,0,0,1,0,-0.0876300000000001
Chelsea,h,2.33294,3.49142,1.57177,3.49142,"{'att': 119, 'def': 24}","{'att': 253, 'def': 16}",10,8,2,2,0.6411,d,2025-12-30 19:30:00,0,1,0,1,-1.9196500000000003
Chelsea,a,2.03726,1.03049,2.03726,1.03049,"{'att': 329, 'def': 25}","{'att': 271, 'def': 33}",2,7,1,1,2.2523,d,2026-01-04 17:30:00,0,1,0,1,1.00677
Chelsea,a,2.45107,1.06013,2.45107,1.06013,"{'att': 290, 'def': 23}","{'att': 286, 'def': 27}",5,15,1,2,2.3612,l,2026-01-07 19:30:00,0,0,1,0,1.39094
Chelsea,h,1.62263,1.47521,0.861461,1.47521,"{'att': 305, 'def': 17}","{'att': 274, 'def': 26}",1,9,2,0,1.5375999999999999,w,2026-01-17 15:00:00,1,0,0,3,-0.6137489999999999
Chelsea,a,3.08817,2.41793,2.327,2.41793,"{'att': 242, 'def': 26}","{'att': 418, 'def': 24}",4,5,3,1,1.8348999999999998,w,2026-01-25 14:00:00,1,0,0,3,-0.09093000000000018
Chelsea,h,2.66133,1.72585,2.66133,1.72585,"{'att': 131, 'def': 26}","{'att': 388, 'def': 12}",6,6,3,2,2.058,w,2026-01-31 17:30:00,1,0,0,3,0.9354799999999999
Chelsea,a,3.76278,1.11372,2.24044,1.11372,"{'att': 237, 'def': 25}","{'att': 519, 'def': 15}",10,6,3,1,2.8028999999999997,w,2026-02-07 15:00:00,1,0,0,3,1.12672
Chelsea,h,3.21176,1.28948,2.45059,0.528313,"{'att': 208, 'def': 20}","{'att': 421, 'def': 17}",9,2,2,2,2.6114,d,2026-02-10 19:30:00,0,1,0,1,1.922277
Chelsea,h,2.51534,1.01255,2.51534,1.01255,"{'att': 169, 'def': 22}","{'att': 297, 'def': 19}",12,4,1,1,2.4515,d,2026-02-21 15:00:00,0,1,0,1,1.50279
Chelsea,a,1.35268,1.71598,1.35268,1.71598,"{'att': 188, 'def': 21}","{'att': 334, 'def': 22}",4,10,1,2,1.0801,l,2026-03-01 16:30:00,0,0,1,0,-0.36329999999999996
Chelsea,a,3.38883,1.06854,3.38883,1.06854,"{'att': 266, 'def': 21}","{'att': 412, 'def': 18}",12,6,4,1,2.7303,w,2026-03-04 19:30:00,1,0,0,3,2.32029
Chelsea,h,1.72508,1.03251,1.72508,1.03251,"{'att': 181, 'def': 17}","{'att': 329, 'def': 19}",12,7,0,1,1.869,l,2026-03-14 17:30:00,0,0,1,0,0.6925699999999999
Chelsea,a,1.35143,1.44532,1.35143,1.44532,"{'att': 213, 'def': 18}","{'att': 381, 'def': 13}",9,7,0,3,1.2955,l,2026-03-21 17:30:00,0,0,1,0,-0.09389000000000003
Chelsea,h,1.22108,2.40839,1.22108,2.40839,"{'att': 336, 'def': 13}","{'att': 232, 'def': 27}",2,15,0,3,0.6302,l,2026-04-12 15:30:00,0,0,1,0,-1.1873099999999999
Chelsea,h,1.28109,0.436043,1.28109,0.436043,"{'att': 261, 'def': 23}","{'att': 369, 'def': 13}",8,1,0,1,2.0428,l,2026-04-18 19:00:00,0,0,1,0,0.8450470000000001
Chelsea,a,0.297865,2.51784,0.297865,2.51784,"{'att': 311, 'def': 14}","{'att': 266, 'def': 26}",3,9,0,3,0.1325,l,2026-04-21 19:00:00,0,0,1,0,-2.2199750000000003
Chelsea,h,2.17132,2.31019,1.41015,1.54902,"{'att': 193, 'def': 24}","{'att': 370, 'def': 16}",12,4,1,3,1.2142000000000002,l,2026-05-04 15:00:00,0,0,1,0,-0.13887000000000005
Chelsea,a,0.597184,0.623191,0.597184,0.623191,"{'att': 301, 'def': 33}","{'att': 307, 'def': 25}",7,7,1,1,1.2752999999999999,d,2026-05-09 12:30:00,0,1,0,1,-0.026007000000000002
Chelsea,h,1.09262,2.15227,1.09262,2.15227,"{'att': 340, 'def': 29}","{'att': 292, 'def': 32}",3,7,2,1,0.5689,w,2026-05-19 20:15:00,1,0,0,3,-1.0596500000000002
Chelsea,a,0.920885,2.33109,0.920885,2.33109,"{'att': 190, 'def': 11}","{'att': 254, 'def': 32}",7,12,1,2,0.44129999999999997,l,2026-05-24 15:00:00,0,0,1,0,-1.4102050000000002
West Ham,a,0.558948,0.724368,0.558948,0.724368,"{'att': 165, 'def': 15}","{'att': 291, 'def': 14}",8,2,0,3,1.129,l,2025-08-16 14:00:00,0,0,1,0,-0.16542
West Ham,h,0.978572,3.94997,0.978572,3.94997,"{'att': 342, 'def': 13}","{'att': 227, 'def': 19}",6,5,1,5,0.0944,l,2025-08-22 19:00:00,0,0,1,0,-2.9713979999999998
West Ham,a,2.236,0.716018,1.47483,0.716018,"{'att': 279, 'def': 13}","{'att': 256, 'def': 26}",5,6,3,0,2.5114,w,2025-08-31 13:00:00,1,0,0,3,0.758812
West Ham,h,0.793248,1.51402,0.793248,1.51402,"{'att': 316, 'def': 18}","{'att': 152, 'def': 14}",2,8,0,3,0.7895000000000001,l,2025-09-13 16:30:00,0,0,1,0,-0.720772
West Ham,h,0.466365,2.33565,0.466365,2.33565,"{'att': 197, 'def': 23}","{'att': 262, 'def': 11}",5,7,1,2,0.22110000000000002,l,2025-09-20 14:00:00,0,0,1,0,-1.8692849999999999
West Ham,a,0.775766,0.909703,0.775766,0.909703,"{'att': 216, 'def': 16}","{'att': 217, 'def': 17}",7,12,1,1,1.2127,d,2025-09-29 19:00:00,0,1,0,1,-0.13393700000000008
West Ham,a,0.864549,3.0585,0.864549,2.29733,"{'att': 326, 'def': 13}","{'att': 139, 'def': 33}",3,17,0,2,0.159,l,2025-10-04 14:00:00,0,0,1,0,-1.432781
West Ham,h,0.260251,3.46635,0.260251,3.46635,"{'att': 266, 'def': 18}","{'att': 187, 'def': 15}",4,11,0,2,0.045399999999999996,l,2025-10-20 19:00:00,0,0,1,0,-3.206099
West Ham,a,0.498653,2.2214,0.498653,2.2214,"{'att': 249, 'def': 26}","{'att': 292, 'def': 27}",4,1,1,2,0.2482,l,2025-10-24 19:00:00,0,0,1,0,-1.722747
West Ham,h,1.41383,0.523615,1.41383,0.523615,"{'att': 283, 'def': 12}","{'att': 151, 'def': 17}",3,7,3,1,2.1611,w,2025-11-02 14:00:00,1,0,0,3,0.8902149999999999
West Ham,h,2.96728,1.87478,2.96728,1.87478,"{'att': 309, 'def': 20}","{'att': 200, 'def': 19}",4,7,3,2,2.2418,w,2025-11-08 15:00:00,1,0,0,3,1.0925000000000002
West Ham,a,0.390782,3.48299,0.390782,2.72182,"{'att': 239, 'def': 11}","{'att': 76, 'def': 33}",3,9,2,2,0.0496,d,2025-11-22 15:00:00,0,1,0,1,-2.331038
West Ham,h,0.364152,1.56793,0.364152,1.56793,"{'att': 318, 'def': 23}","{'att': 195, 'def': 23}",4,9,0,2,0.3761,l,2025-11-30 14:05:00,0,0,1,0,-1.203778
West Ham,a,1.36584,2.27674,1.36584,2.27674,"{'att': 248, 'def': 24}","{'att': 135, 'def': 25}",8,7,1,1,0.7105999999999999,d,2025-12-04 20:00:00,0,1,0,1,-0.9109000000000003
West Ham,a,1.7064,2.10077,1.7064,2.10077,"{'att': 266, 'def': 15}","{'att': 133, 'def': 22}",3,8,1,1,1.1159000000000001,d,2025-12-07 14:00:00,0,1,0,1,-0.3943699999999999
West Ham,h,1.27701,0.595093,1.27701,0.595093,"{'att': 348, 'def': 28}","{'att': 228, 'def': 21}",0,3,2,3,2.0064,l,2025-12-14 14:00:00,0,0,1,0,0.681917
West Ham,a,1.02143,3.58188,1.02143,3.58188,"{'att': 420, 'def': 22}","{'att': 256, 'def': 33}",2,14,0,3,0.1532,l,2025-12-20 15:00:00,0,0,1,0,-2.56045
West Ham,h,1.13719,1.11436,1.13719,1.11436,"{'att': 247, 'def': 20}","{'att': 200, 'def': 20}",11,5,0,1,1.3638,l,2025-12-27 15:00:00,0,0,1,0,0.022829999999999906
West Ham,h,2.27644,3.08914,1.51527,1.56681,"{'att': 305, 'def': 21}","{'att': 178, 'def': 26}",5,5,2,2,0.8082,d,2025-12-30 19:30:00,0,1,0,1,-0.05154000000000014
West Ham,a,0.235678,2.23925,0.235678,1.47808,"{'att': 167, 'def': 32}","{'att': 336, 'def': 12}",6,2,0,3,0.1111,l,2026-01-03 15:00:00,0,0,1,0,-1.242402
West Ham,h,1.73697,1.26683,1.73697,0.505666,"{'att': 189, 'def': 19}","{'att': 180, 'def': 15}",7,8,1,2,1.7281999999999997,l,2026-01-06 20:00:00,0,0,1,0,1.231304
West Ham,a,2.76761,1.65292,2.76761,1.65292,"{'att': 241, 'def': 20}","{'att': 168, 'def': 29}",3,11,2,1,2.1685,w,2026-01-17 15:00:00,1,0,0,3,1.11469
West Ham,h,2.18675,0.713838,1.42558,0.713838,"{'att': 251, 'def': 18}","{'att': 189, 'def': 22}",5,1,3,1,2.4935,w,2026-01-24 12:30:00,1,0,0,3,0.7117420000000001
West Ham,a,1.72585,2.66133,1.72585,2.66133,"{'att': 388, 'def': 12}","{'att': 131, 'def': 26}",6,6,2,3,0.7209,l,2026-01-31 17:30:00,0,0,1,0,-0.9354799999999999
West Ham,a,1.1223,1.84644,1.1223,1.84644,"{'att': 217, 'def': 15}","{'att': 263, 'def': 23}",4,6,2,0,0.8090999999999999,w,2026-02-07 15:00:00,1,0,0,3,-0.72414
West Ham,h,1.30746,0.735767,1.30746,0.735767,"{'att': 330, 'def': 21}","{'att': 160, 'def': 15}",1,5,1,1,1.909,d,2026-02-10 20:15:00,0,1,0,1,0.5716930000000001
West Ham,h,2.34412,0.522731,2.34412,0.522731,"{'att': 274, 'def': 22}","{'att': 176, 'def': 23}",8,3,0,0,2.6363999999999996,d,2026-02-21 17:30:00,0,1,0,1,1.8213890000000004
West Ham,a,1.3517,2.09939,1.3517,2.09939,"{'att': 193, 'def': 26}","{'att': 226, 'def': 24}",5,14,2,5,0.8714,l,2026-02-28 15:00:00,0,0,1,0,-0.7476900000000002
West Ham,a,1.49528,0.628123,1.49528,0.628123,"{'att': 322, 'def': 17}","{'att': 233, 'def': 22}",3,9,1,0,2.1376,w,2026-03-04 19:30:00,1,0,0,3,0.867157
West Ham,h,0.488982,1.9546,0.488982,1.9546,"{'att': 379, 'def': 22}","{'att': 185, 'def': 20}",2,8,1,1,0.3267,d,2026-03-14 20:00:00,0,1,0,1,-1.4656179999999999
West Ham,a,0.760054,2.48528,0.760054,2.48528,"{'att': 264, 'def': 17}","{'att': 220, 'def': 15}",5,15,0,2,0.2996,l,2026-03-22 14:15:00,0,0,1,0,-1.725226
West Ham,h,2.54379,0.571967,2.54379,0.571967,"{'att': 271, 'def': 20}","{'att': 196, 'def': 21}",7,4,4,0,2.644,w,2026-04-10 19:00:00,1,0,0,3,1.971823
West Ham,a,0.622445,0.733442,0.622445,0.733442,"{'att': 258, 'def': 25}","{'att': 185, 'def': 18}",5,5,0,0,1.1961,d,2026-04-20 19:00:00,0,1,0,1,-0.11099700000000001
West Ham,h,1.8356,1.1144,1.8356,1.1144,"{'att': 251, 'def': 26}","{'att': 203, 'def': 17}",7,9,2,1,1.9405,w,2026-04-25 14:00:00,1,0,0,3,0.7211999999999998
West Ham,a,0.753895,2.27374,0.753895,1.51257,"{'att': 172, 'def': 22}","{'att': 168, 'def': 18}",2,7,0,3,0.3611,l,2026-05-02 15:00:00,0,0,1,0,-0.758675
West Ham,h,1.32011,1.42953,1.32011,1.42953,"{'att': 247, 'def': 16}","{'att': 120, 'def': 20}",7,9,0,1,1.2779,l,2026-05-10 16:30:00,0,0,1,0,-0.10942000000000007
West Ham,a,0.957771,2.1336,0.957771,2.1336,"{'att': 266, 'def': 26}","{'att': 194, 'def': 17}",10,19,1,3,0.5649,l,2026-05-17 17:30:00,0,0,1,0,-1.1758289999999998
West Ham,h,2.73135,1.94969,2.73135,1.94969,"{'att': 280, 'def': 17}","{'att': 154, 'def': 30}",6,6,3,0,1.8960000000000001,w,2026-05-24 15:00:00,1,0,0,3,0.78166
Tottenham,h,1.97858,0.734138,1.97858,0.734138,"{'att': 108, 'def': 17}","{'att': 295, 'def': 17}",7,6,3,0,2.3089000000000004,w,2025-08-16 14:00:00,1,0,0,3,1.244442
Tottenham,a,1.28015,1.2475,1.28015,1.2475,"{'att': 292, 'def': 22}","{'att': 188, 'def': 18}",4,8,2,0,1.3643999999999998,w,2025-08-23 11:30:00,1,0,0,3,0.032649999999999846
Tottenham,h,0.17067,2.1201,0.17067,2.1201,"{'att': 130, 'def': 25}","{'att': 293, 'def': 41}",4,11,0,1,0.15689999999999998,l,2025-08-30 14:00:00,0,0,1,0,-1.94943
Tottenham,a,1.51402,0.793248,1.51402,0.793248,"{'att': 152, 'def': 14}","{'att': 316, 'def': 18}",8,2,3,0,1.9297999999999997,w,2025-09-13 16:30:00,1,0,0,3,0.720772
Tottenham,a,1.19181,1.40466,1.19181,1.40466,"{'att': 155, 'def': 32}","{'att': 287, 'def': 25}",14,4,2,2,1.1338,d,2025-09-20 14:00:00,0,1,0,1,-0.21284999999999998
Tottenham,h,0.818711,1.15951,0.818711,1.15951,"{'att': 237, 'def': 14}","{'att': 190, 'def': 20}",5,4,1,1,0.9919,d,2025-09-27 19:00:00,0,1,0,1,-0.3407990000000001
Tottenham,a,0.688198,1.48051,0.688198,1.48051,"{'att': 285, 'def': 19}","{'att': 195, 'def': 18}",4,6,2,1,0.6734,w,2025-10-04 11:30:00,1,0,0,3,-0.792312
Tottenham,h,1.51461,0.352231,1.51461,0.352231,"{'att': 205, 'def': 27}","{'att': 232, 'def': 18}",5,2,1,2,2.3837,l,2025-10-19 13:00:00,0,0,1,0,1.162379
Tottenham,a,2.09327,1.4032,2.09327,1.4032,"{'att': 221, 'def': 13}","{'att': 255, 'def': 19}",3,6,3,0,1.9179,w,2025-10-26 15:30:00,1,0,0,3,0.69007
Tottenham,h,0.146954,3.34251,0.146954,3.34251,"{'att': 214, 'def': 25}","{'att': 217, 'def': 31}",4,13,0,1,0.0249,l,2025-11-01 17:30:00,0,0,1,0,-3.195556
Tottenham,h,1.35532,0.820256,1.35532,0.820256,"{'att': 224, 'def': 29}","{'att': 253, 'def': 19}",5,3,2,2,1.813,d,2025-11-08 12:30:00,0,1,0,1,0.5350640000000001
Tottenham,a,0.0300672,2.27827,0.0300672,2.27827,"{'att': 242, 'def': 18}","{'att': 214, 'def': 34}",2,13,1,4,0.0774,l,2025-11-23 16:30:00,0,0,1,0,-2.2482028
Tottenham,h,1.04396,0.494736,1.04396,0.494736,"{'att': 194, 'def': 29}","{'att': 289, 'def': 23}",3,5,1,2,1.9130999999999998,l,2025-11-29 20:00:00,0,0,1,0,0.5492239999999999
Tottenham,a,1.05205,1.88558,1.05205,1.12441,"{'att': 259, 'def': 20}","{'att': 194, 'def': 25}",4,5,2,2,0.7545,d,2025-12-02 20:15:00,0,1,0,1,-0.07235999999999998
Tottenham,h,2.42388,0.470563,2.42388,0.470563,"{'att': 203, 'def': 24}","{'att': 201, 'def': 18}",8,8,2,0,2.7239,w,2025-12-06 15:00:00,1,0,0,3,1.953317
Tottenham,a,0.380246,2.32658,0.380246,2.32658,"{'att': 205, 'def': 26}","{'att': 209, 'def': 25}",4,1,0,3,0.1654,l,2025-12-14 14:00:00,0,0,1,0,-1.9463339999999998
Tottenham,h,1.34905,1.23164,1.34905,1.23164,"{'att': 285, 'def': 16}","{'att': 159, 'def': 13}",2,10,1,2,1.4414,l,2025-12-20 17:30:00,0,0,1,0,0.11741000000000001
Tottenham,a,0.870768,0.929681,0.870768,0.929681,"{'att': 298, 'def': 9}","{'att': 167, 'def': 23}",6,16,1,0,1.3333000000000002,w,2025-12-28 16:30:00,1,0,0,3,-0.05891299999999999
Tottenham,a,0.608309,0.556304,0.608309,0.556304,"{'att': 303, 'def': 16}","{'att': 213, 'def': 28}",7,3,0,0,1.3421,d,2026-01-01 20:00:00,0,1,0,1,0.05200499999999997
Tottenham,h,1.4175,0.467481,1.4175,0.467481,"{'att': 200, 'def': 27}","{'att': 165, 'def': 20}",9,9,1,1,2.3072,d,2026-01-04 15:00:00,0,1,0,1,0.950019
Tottenham,a,1.6261,1.19014,1.6261,1.19014,"{'att': 166, 'def': 18}","{'att': 254, 'def': 28}",8,4,2,3,1.7059,l,2026-01-07 19:30:00,0,0,1,0,0.4359600000000001
Tottenham,h,1.65292,2.76761,1.65292,2.76761,"{'att': 168, 'def': 29}","{'att': 241, 'def': 20}",11,3,1,2,0.6295,l,2026-01-17 15:00:00,0,0,1,0,-1.11469
Tottenham,a,2.59093,1.54884,2.59093,1.54884,"{'att': 203, 'def': 27}","{'att': 340, 'def': 29}",4,5,2,2,2.1158,d,2026-01-24 15:00:00,0,1,0,1,1.0420900000000002
Tottenham,h,1.49738,2.03614,1.49738,2.03614,"{'att': 349, 'def': 30}","{'att': 192, 'def': 20}",10,7,2,2,0.992,d,2026-02-01 16:30:00,0,1,0,1,-0.5387600000000001
Tottenham,a,0.593404,2.16576,0.593404,2.16576,"{'att': 303, 'def': 15}","{'att': 197, 'def': 22}",8,18,0,2,0.35509999999999997,l,2026-02-07 12:30:00,0,0,1,0,-1.572356
Tottenham,h,1.68925,2.46991,1.68925,2.46991,"{'att': 162, 'def': 22}","{'att': 227, 'def': 27}",9,11,1,2,0.8519,l,2026-02-10 19:30:00,0,0,1,0,-0.7806600000000001
Tottenham,h,0.383264,3.31701,0.383264,3.31701,"{'att': 209, 'def': 28}","{'att': 172, 'def': 30}",0,9,1,4,0.0665,l,2026-02-22 16:30:00,0,0,1,0,-2.9337459999999997
Tottenham,a,0.952091,2.3207,0.952091,2.3207,"{'att': 286, 'def': 23}","{'att': 220, 'def': 21}",6,12,1,2,0.5136999999999999,l,2026-03-01 14:00:00,0,0,1,0,-1.368609
Tottenham,h,1.29615,1.91515,1.29615,1.15398,"{'att': 291, 'def': 21}","{'att': 179, 'def': 17}",3,9,1,3,0.8736999999999999,l,2026-03-05 20:00:00,0,0,1,0,0.1421699999999999
Tottenham,a,1.15636,1.30076,1.15636,1.30076,"{'att': 263, 'def': 20}","{'att': 144, 'def': 26}",3,17,1,1,1.271,d,2026-03-15 16:30:00,0,1,0,1,-0.14439999999999986
Tottenham,h,1.6189,1.54408,1.6189,1.54408,"{'att': 170, 'def': 28}","{'att': 246, 'def': 25}",4,3,0,3,1.3952000000000002,l,2026-03-22 14:15:00,0,0,1,0,0.07482000000000011
Tottenham,a,1.01598,1.77584,1.01598,1.77584,"{'att': 208, 'def': 19}","{'att': 214, 'def': 30}",3,7,0,1,0.7801,l,2026-04-12 13:00:00,0,0,1,0,-0.75986
Tottenham,h,1.56052,1.1373,1.56052,1.1373,"{'att': 224, 'def': 18}","{'att': 186, 'def': 33}",9,7,2,2,1.7111999999999998,d,2026-04-18 16:30:00,0,1,0,1,0.42321999999999993
Tottenham,a,1.06403,0.762656,1.06403,0.762656,"{'att': 170, 'def': 35}","{'att': 270, 'def': 20}",4,0,1,0,1.6622000000000001,w,2026-04-25 14:00:00,1,0,0,3,0.30137400000000003
Tottenham,a,1.12225,0.609494,1.12225,0.609494,"{'att': 232, 'def': 20}","{'att': 266, 'def': 28}",3,0,2,1,1.8213,w,2026-05-03 19:00:00,1,0,0,3,0.512756
Tottenham,h,1.49036,1.86976,1.49036,1.10859,"{'att': 161, 'def': 26}","{'att': 226, 'def': 23}",4,4,1,1,1.0561,d,2026-05-11 20:00:00,0,1,0,1,0.38176999999999994
Tottenham,a,2.15227,1.09262,2.15227,1.09262,"{'att': 292, 'def': 32}","{'att': 340, 'def': 29}",7,3,1,2,2.2183,l,2026-05-19 20:15:00,0,0,1,0,1.0596500000000002
Tottenham,h,1.40597,0.268476,1.40597,0.268476,"{'att': 195, 'def': 26}","{'att': 226, 'def': 29}",2,3,1,0,2.4774,w,2026-05-24 15:00:00,1,0,0,3,1.137494
Arsenal,a,1.3304,1.37653,1.3304,1.37653,"{'att': 259, 'def': 23}","{'att': 166, 'def': 21}",3,7,1,0,1.3628,w,2025-08-17 15:30:00,1,0,0,3,-0.046130000000000004
Arsenal,h,2.73761,0.156761,1.97644,0.156761,"{'att': 175, 'def': 22}","{'att': 418, 'def': 15}",5,1,5,0,2.9097,w,2025-08-23 16:30:00,1,0,0,3,1.819679
Arsenal,a,0.485679,0.481404,0.485679,0.481404,"{'att': 296, 'def': 23}","{'att': 226, 'def': 15}",5,4,0,1,1.2709,l,2025-08-31 15:30:00,0,0,1,0,0.004275000000000029
Arsenal,h,2.8817,0.293681,2.8817,0.293681,"{'att': 219, 'def': 20}","{'att': 291, 'def': 20}",10,1,3,0,2.8737,w,2025-09-13 11:30:00,1,0,0,3,2.588019
Arsenal,h,0.718575,1.1227,0.718575,1.1227,"{'att': 150, 'def': 22}","{'att': 323, 'def': 19}",10,3,1,1,0.9305000000000001,d,2025-09-21 15:30:00,0,1,0,1,-0.40412500000000007
Arsenal,a,2.07048,0.739851,2.07048,0.739851,"{'att': 145, 'def': 20}","{'att': 247, 'def': 15}",13,4,2,1,2.3387999999999995,w,2025-09-28 15:30:00,1,0,0,3,1.3306289999999998
Arsenal,h,3.0585,0.864549,2.29733,0.864549,"{'att': 139, 'def': 33}","{'att': 326, 'def': 13}",17,3,2,0,2.7519,w,2025-10-04 14:00:00,1,0,0,3,1.432781
Arsenal,a,2.07823,0.502332,2.07823,0.502332,"{'att': 180, 'def': 6}","{'att': 291, 'def': 16}",14,3,1,0,2.5627,w,2025-10-18 16:30:00,1,0,0,3,1.575898
Arsenal,h,0.856175,0.350534,0.856175,0.350534,"{'att': 211, 'def': 17}","{'att': 311, 'def': 11}",5,1,1,0,1.8296999999999999,w,2025-10-26 13:00:00,1,0,0,3,0.505641
Arsenal,a,2.51649,0.679177,2.51649,0.679177,"{'att': 231, 'def': 19}","{'att': 311, 'def': 20}",9,3,2,0,2.64,w,2025-11-01 15:00:00,1,0,0,3,1.837313
Arsenal,a,2.32943,1.20495,2.32943,1.20495,"{'att': 151, 'def': 16}","{'att': 202, 'def': 15}",11,7,2,2,2.1799,d,2025-11-08 17:30:00,0,1,0,1,1.12448
Arsenal,h,2.27827,0.0300672,2.27827,0.0300672,"{'att': 214, 'def': 34}","{'att': 242, 'def': 18}",13,2,4,1,2.8482,w,2025-11-23 16:30:00,1,0,0,3,2.2482028
Arsenal,a,1.22828,0.791914,1.22828,0.791914,"{'att': 155, 'def': 20}","{'att': 231, 'def': 20}",7,2,1,1,1.7576999999999998,d,2025-11-30 16:30:00,0,1,0,1,0.43636600000000003
Arsenal,h,2.63126,0.588716,2.63126,0.588716,"{'att': 187, 'def': 27}","{'att': 281, 'def': 18}",4,3,2,0,2.694,w,2025-12-03 19:30:00,1,0,0,3,2.0425440000000004
Arsenal,a,1.85965,2.71986,1.85965,2.71986,"{'att': 212, 'def': 22}","{'att': 229, 'def': 17}",9,11,1,2,0.8340000000000001,l,2025-12-06 12:30:00,0,0,1,0,-0.8602100000000001
Arsenal,h,1.61796,0.61997,1.61796,0.61997,"{'att': 113, 'def': 12}","{'att': 228, 'def': 15}",12,3,2,1,2.1571000000000002,w,2025-12-13 20:00:00,1,0,0,3,0.99799
Arsenal,a,1.84723,0.213273,1.08606,0.213273,"{'att': 194, 'def': 14}","{'att': 410, 'def': 17}",13,0,1,0,2.7131,w,2025-12-20 20:00:00,1,0,0,3,0.872787
Arsenal,h,2.54318,0.710064,2.54318,0.710064,"{'att': 236, 'def': 17}","{'att': 249, 'def': 23}",8,6,2,1,2.5946,w,2025-12-27 15:00:00,1,0,0,3,1.833116
Arsenal,h,4.41335,2.94195,4.41335,2.94195,"{'att': 262, 'def': 31}","{'att': 171, 'def': 8}",8,4,4,1,2.2514,w,2025-12-30 20:15:00,1,0,0,3,1.4714000000000005
Arsenal,a,1.28,0.947846,1.28,0.947846,"{'att': 175, 'def': 22}","{'att': 250, 'def': 16}",9,4,3,2,1.6371,w,2026-01-03 17:30:00,1,0,0,3,0.33215400000000006
Arsenal,h,0.701832,0.318642,0.701832,0.318642,"{'att': 281, 'def': 21}","{'att': 211, 'def': 11}",10,0,0,0,1.6844,d,2026-01-08 20:00:00,0,1,0,1,0.38319000000000003
Arsenal,a,2.86323,0.318481,2.86323,0.318481,"{'att': 126, 'def': 20}","{'att': 284, 'def': 9}",12,5,0,0,2.8794,d,2026-01-17 17:30:00,0,1,0,1,2.5447490000000004
Arsenal,h,1.42411,0.640902,1.42411,0.640902,"{'att': 198, 'def': 23}","{'att': 205, 'def': 17}",12,1,2,3,2.0776,l,2026-01-25 16:30:00,0,0,1,0,0.783208
Arsenal,a,3.54427,0.17871,3.54427,0.17871,"{'att': 232, 'def': 19}","{'att': 211, 'def': 22}",6,1,4,0,2.9532,w,2026-01-31 15:00:00,1,0,0,3,3.36556
Arsenal,h,1.19401,0.427225,1.19401,0.427225,"{'att': 236, 'def': 26}","{'att': 192, 'def': 14}",9,1,3,0,2.0242999999999998,w,2026-02-07 15:00:00,1,0,0,3,0.766785
Arsenal,a,0.78418,1.81154,0.78418,1.81154,"{'att': 178, 'def': 22}","{'att': 200, 'def': 21}",9,5,1,1,0.6291,d,2026-02-12 20:00:00,0,1,0,1,-1.0273599999999998
Arsenal,a,2.01018,0.173119,2.01018,0.173119,"{'att': 197, 'def': 24}","{'att': 206, 'def': 18}",5,4,2,2,2.7840999999999996,d,2026-02-18 20:00:00,0,1,0,1,1.837061
Arsenal,a,3.31701,0.383264,3.31701,0.383264,"{'att': 172, 'def': 30}","{'att': 209, 'def': 28}",9,0,4,1,2.8933999999999997,w,2026-02-22 16:30:00,1,0,0,3,2.9337459999999997
Arsenal,h,1.71598,1.35268,1.71598,1.35268,"{'att': 334, 'def': 22}","{'att': 188, 'def': 21}",10,4,2,1,1.6273,w,2026-03-01 16:30:00,1,0,0,3,0.36329999999999996
Arsenal,a,0.514803,0.919228,0.514803,0.919228,"{'att': 255, 'def': 21}","{'att': 171, 'def': 24}",3,6,1,0,0.9373,w,2026-03-04 19:30:00,1,0,0,3,-0.40442500000000003
Arsenal,h,1.90855,1.17847,1.90855,1.17847,"{'att': 179, 'def': 23}","{'att': 235, 'def': 15}",10,1,2,0,1.9309,w,2026-03-14 17:30:00,1,0,0,3,0.7300800000000001
Arsenal,h,3.16346,1.39461,2.40229,1.39461,"{'att': 214, 'def': 23}","{'att': 208, 'def': 26}",5,5,1,2,2.5960000000000005,l,2026-04-11 11:30:00,0,0,1,0,1.00768
Arsenal,a,2.28964,2.61528,2.28964,2.61528,"{'att': 238, 'def': 26}","{'att': 175, 'def': 13}",3,15,1,2,1.1578,l,2026-04-19 15:30:00,0,0,1,0,-0.32563999999999993
Arsenal,h,0.639189,0.868897,0.639189,0.868897,"{'att': 268, 'def': 18}","{'att': 194, 'def': 22}",10,7,1,0,1.0522,w,2026-04-25 16:30:00,1,0,0,3,-0.22970800000000002
Arsenal,h,4.09079,0.696714,4.09079,0.696714,"{'att': 232, 'def': 16}","{'att': 301, 'def': 22}",14,3,3,0,2.915,w,2026-05-02 17:30:00,1,0,0,3,3.394076
Arsenal,a,1.42953,1.32011,1.42953,1.32011,"{'att': 120, 'def': 20}","{'att': 247, 'def': 16}",9,7,1,0,1.4258,w,2026-05-10 16:30:00,1,0,0,3,0.10942000000000007
Arsenal,h,1.22695,0.194884,1.22695,0.194884,"{'att': 199, 'def': 16}","{'att': 234, 'def': 17}",20,2,1,0,2.3346,w,2026-05-18 20:00:00,1,0,0,3,1.032066
Arsenal,a,3.90645,1.00492,3.90645,1.00492,"{'att': 178, 'def': 18}","{'att': 284, 'def': 16}",8,3,2,1,2.8347,w,2026-05-24 15:00:00,1,0,0,3,2.90153
Newcastle United,a,1.40098,0.318601,1.40098,0.318601,"{'att': 146, 'def': 24}","{'att': 227, 'def': 12}",6,2,0,0,2.3370999999999995,d,2025-08-16 11:30:00,0,1,0,1,1.082379
Newcastle United,h,1.96342,0.646559,1.96342,0.646559,"{'att': 265, 'def': 22}","{'att': 106, 'def': 14}",3,6,2,3,2.4272,l,2025-08-25 19:00:00,0,0,1,0,1.3168609999999998
Newcastle United,a,0.303635,0.6773,0.303635,0.6773,"{'att': 236, 'def': 21}","{'att': 327, 'def': 22}",5,5,0,0,0.8724,d,2025-08-30 16:30:00,0,1,0,1,-0.373665
Newcastle United,h,1.19186,0.375942,1.19186,0.375942,"{'att': 169, 'def': 16}","{'att': 217, 'def': 24}",12,3,1,0,2.1553,w,2025-09-13 14:00:00,1,0,0,3,0.8159179999999999
Newcastle United,a,0.153629,0.55066,0.153629,0.55066,"{'att': 279, 'def': 17}","{'att': 184, 'def': 22}",6,4,0,0,0.7742,d,2025-09-21 13:00:00,0,1,0,1,-0.397031
Newcastle United,h,0.739851,2.07048,0.739851,2.07048,"{'att': 247, 'def': 15}","{'att': 145, 'def': 20}",4,13,1,2,0.474,l,2025-09-28 15:30:00,0,0,1,0,-1.3306289999999998
Newcastle United,h,3.81662,0.337689,3.05545,0.337689,"{'att': 264, 'def': 33}","{'att': 232, 'def': 21}",13,4,2,0,2.9546,w,2025-10-05 13:00:00,1,0,0,3,2.717761
Newcastle United,a,1.28313,0.857104,1.28313,0.857104,"{'att': 241, 'def': 25}","{'att': 295, 'def': 22}",9,8,1,2,1.7094,l,2025-10-18 14:00:00,0,0,1,0,0.4260260000000001
Newcastle United,h,2.76806,1.52001,2.76806,1.52001,"{'att': 253, 'def': 28}","{'att': 277, 'def': 29}",7,3,2,1,2.2806,w,2025-10-25 14:00:00,1,0,0,3,1.24805
Newcastle United,a,0.523615,1.41383,0.523615,1.41383,"{'att': 151, 'def': 17}","{'att': 283, 'def': 12}",7,3,1,3,0.5843,l,2025-11-02 14:00:00,0,0,1,0,-0.8902149999999999
Newcastle United,a,0.432277,2.73729,0.432277,1.97612,"{'att': 211, 'def': 19}","{'att': 252, 'def': 21}",2,7,1,3,0.1112,l,2025-11-09 14:00:00,0,0,1,0,-1.543843
Newcastle United,h,2.40555,2.45648,2.40555,2.45648,"{'att': 257, 'def': 22}","{'att': 139, 'def': 18}",4,16,2,1,1.3791,w,2025-11-22 17:30:00,1,0,0,3,-0.05093000000000014
Newcastle United,a,2.45882,1.01125,2.45882,1.01125,"{'att': 260, 'def': 12}","{'att': 343, 'def': 23}",8,13,4,1,2.3653,w,2025-11-29 17:30:00,1,0,0,3,1.4475699999999998
Newcastle United,h,1.88558,1.05205,1.12441,1.05205,"{'att': 194, 'def': 25}","{'att': 259, 'def': 20}",5,4,2,2,1.9952999999999999,d,2025-12-02 20:15:00,0,1,0,1,0.07235999999999998
Newcastle United,h,1.80708,1.58375,1.04591,0.822586,"{'att': 129, 'def': 18}","{'att': 297, 'def': 13}",13,2,2,1,1.518,w,2025-12-06 15:00:00,1,0,0,3,0.22332399999999986
Newcastle United,a,0.169329,0.630045,0.169329,0.630045,"{'att': 167, 'def': 16}","{'att': 268, 'def': 23}",4,5,0,1,0.7123,l,2025-12-14 14:00:00,0,0,1,0,-0.46071599999999996
Newcastle United,h,2.87863,1.0261,2.87863,1.0261,"{'att': 224, 'def': 27}","{'att': 183, 'def': 20}",7,7,2,2,2.6139,d,2025-12-20 12:30:00,0,1,0,1,1.8525299999999998
Newcastle United,a,1.12998,0.940811,1.12998,0.940811,"{'att': 185, 'def': 24}","{'att': 297, 'def': 18}",9,1,0,1,1.4795,l,2025-12-26 20:00:00,0,0,1,0,0.18916900000000003
Newcastle United,a,2.49248,1.32551,2.49248,1.32551,"{'att': 230, 'def': 20}","{'att': 282, 'def': 23}",7,11,3,1,2.2210000000000005,w,2025-12-30 19:30:00,1,0,0,3,1.16697
Newcastle United,h,2.72764,1.27825,2.72764,1.27825,"{'att': 147, 'def': 16}","{'att': 278, 'def': 30}",10,9,2,0,2.412,w,2026-01-04 15:00:00,1,0,0,3,1.44939
Newcastle United,h,2.43495,2.35318,1.67378,1.59201,"{'att': 163, 'def': 20}","{'att': 328, 'def': 30}",8,5,4,3,1.4559000000000002,w,2026-01-07 20:15:00,1,0,0,3,0.08177000000000012
Newcastle United,a,0.813313,0.390216,0.813313,0.390216,"{'att': 152, 'def': 20}","{'att': 325, 'def': 13}",7,5,0,0,1.7229,d,2026-01-18 14:00:00,0,1,0,1,0.42309699999999995
Newcastle United,h,1.95484,1.32143,1.95484,1.32143,"{'att': 144, 'def': 22}","{'att': 271, 'def': 24}",4,6,0,2,1.8803999999999998,l,2026-01-25 14:00:00,0,0,1,0,0.6334099999999998
Newcastle United,a,0.284319,3.09973,0.284319,3.09973,"{'att': 205, 'def': 12}","{'att': 191, 'def': 19}",6,11,1,4,0.07250000000000001,l,2026-01-31 20:00:00,0,0,1,0,-2.815411
Newcastle United,h,3.3215,1.65022,2.56033,0.889048,"{'att': 208, 'def': 12}","{'att': 221, 'def': 20}",8,11,2,3,2.4699999999999998,l,2026-02-07 17:30:00,0,0,1,0,1.6712820000000002
Newcastle United,a,2.46991,1.68925,2.46991,1.68925,"{'att': 227, 'def': 27}","{'att': 162, 'def': 22}",11,9,2,1,1.9274,w,2026-02-10 19:30:00,1,0,0,3,0.7806600000000001
Newcastle United,a,0.507954,2.22648,0.507954,2.22648,"{'att': 213, 'def': 26}","{'att': 220, 'def': 23}",1,11,1,2,0.28280000000000005,l,2026-02-21 20:00:00,0,0,1,0,-1.718526
Newcastle United,h,1.11889,2.40731,1.11889,2.40731,"{'att': 146, 'def': 30}","{'att': 256, 'def': 16}",13,4,2,3,0.3415,l,2026-02-28 15:00:00,0,0,1,0,-1.28842
Newcastle United,h,1.96637,1.80571,1.2052,1.80571,"{'att': 233, 'def': 27}","{'att': 191, 'def': 28}",8,11,2,1,1.5363,w,2026-03-04 20:15:00,1,0,0,3,-0.6005099999999999
Newcastle United,a,1.03251,1.72508,1.03251,1.72508,"{'att': 329, 'def': 19}","{'att': 181, 'def': 17}",7,12,1,0,0.8613,w,2026-03-14 17:30:00,1,0,0,3,-0.6925699999999999
Newcastle United,h,1.26705,2.66657,1.26705,2.66657,"{'att': 106, 'def': 17}","{'att': 243, 'def': 22}",3,10,1,2,0.5123,l,2026-03-22 12:00:00,0,0,1,0,-1.39952
Newcastle United,a,1.27299,3.13933,1.27299,2.37816,"{'att': 195, 'def': 18}","{'att': 295, 'def': 29}",3,4,1,2,0.2813,l,2026-04-12 13:00:00,0,0,1,0,-1.1051699999999998
Newcastle United,h,1.61167,3.36662,1.61167,3.36662,"{'att': 200, 'def': 25}","{'att': 221, 'def': 21}",8,7,1,2,0.2867,l,2026-04-18 14:00:00,0,0,1,0,-1.7549500000000002
Newcastle United,a,0.868897,0.639189,0.868897,0.639189,"{'att': 194, 'def': 22}","{'att': 268, 'def': 18}",7,10,0,1,1.5840999999999998,l,2026-04-25 16:30:00,0,0,1,0,0.22970800000000002
Newcastle United,h,3.12933,1.87112,3.12933,1.87112,"{'att': 235, 'def': 11}","{'att': 126, 'def': 17}",3,9,3,1,2.1879,w,2026-05-02 15:00:00,1,0,0,3,1.25821
Newcastle United,a,1.65067,1.46434,1.65067,1.46434,"{'att': 228, 'def': 28}","{'att': 272, 'def': 16}",11,9,1,1,1.5316,d,2026-05-10 14:00:00,0,1,0,1,0.1863300000000001
Newcastle United,h,2.1336,0.957771,2.1336,0.957771,"{'att': 194, 'def': 17}","{'att': 266, 'def': 26}",19,10,3,1,2.2356,w,2026-05-17 17:30:00,1,0,0,3,1.1758289999999998
Newcastle United,a,0.24232,1.72878,0.24232,1.72878,"{'att': 217, 'def': 17}","{'att': 309, 'def': 27}",6,10,0,2,0.2861,l,2026-05-24 15:00:00,0,0,1,0,-1.48646
Liverpool,h,2.33007,1.57303,2.33007,1.57303,"{'att': 149, 'def': 17}","{'att': 278, 'def': 24}",9,8,4,2,1.877,w,2025-08-15 19:00:00,1,0,0,3,0.7570400000000002
Liverpool,a,0.646559,1.96342,0.646559,1.96342,"{'att': 106, 'def': 14}","{'att': 265, 'def': 22}",6,3,3,2,0.39349999999999996,w,2025-08-25 19:00:00,1,0,0,3,-1.3168609999999998
Liverpool,h,0.481404,0.485679,0.481404,0.485679,"{'att': 226, 'def': 15}","{'att': 296, 'def': 23}",4,5,1,0,1.2667,w,2025-08-31 15:30:00,1,0,0,3,-0.004275000000000029
Liverpool,a,2.79492,0.168041,2.03375,0.168041,"{'att': 58, 'def': 14}","{'att': 244, 'def': 22}",17,0,1,0,2.9114999999999998,w,2025-09-14 13:00:00,1,0,0,3,1.8657089999999998
Liverpool,h,1.06166,0.721371,1.06166,0.721371,"{'att': 153, 'def': 26}","{'att': 260, 'def': 23}",12,9,2,1,1.6665,w,2025-09-20 11:30:00,1,0,0,3,0.34028900000000006
Liverpool,a,3.10176,3.53323,3.10176,3.53323,"{'att': 120, 'def': 14}","{'att': 390, 'def': 16}",5,12,1,2,1.1448,l,2025-09-27 14:00:00,0,0,1,0,-0.43147
Liverpool,a,2.05981,1.23721,2.05981,1.23721,"{'att': 274, 'def': 16}","{'att': 266, 'def': 20}",9,6,1,2,2.0083,l,2025-10-04 16:30:00,0,0,1,0,0.8226000000000002
Liverpool,h,2.60972,2.53117,2.60972,2.53117,"{'att': 122, 'def': 16}","{'att': 244, 'def': 14}",10,6,1,2,1.4439000000000002,l,2025-10-19 15:30:00,0,0,1,0,0.0785499999999999
Liverpool,a,2.11838,3.27126,2.11838,2.5101,"{'att': 124, 'def': 20}","{'att': 280, 'def': 20}",10,5,2,3,0.6868,l,2025-10-25 19:00:00,0,0,1,0,-0.39171999999999985
Liverpool,h,1.47021,0.43502,1.47021,0.43502,"{'att': 219, 'def': 20}","{'att': 257, 'def': 16}",12,6,2,0,2.2034,w,2025-11-01 20:00:00,1,0,0,3,1.03519
Liverpool,a,1.0281,1.59542,1.0281,0.834247,"{'att': 253, 'def': 23}","{'att': 260, 'def': 22}",7,7,0,3,0.8609,l,2025-11-09 16:30:00,0,0,1,0,0.19385300000000005
Liverpool,h,1.79273,1.19459,1.79273,1.19459,"{'att': 103, 'def': 22}","{'att': 301, 'def': 13}",11,6,0,3,1.8124,l,2025-11-22 15:00:00,0,0,1,0,0.5981399999999999
Liverpool,a,1.56793,0.364152,1.56793,0.364152,"{'att': 195, 'def': 23}","{'att': 318, 'def': 23}",9,4,2,0,2.4242,w,2025-11-30 14:05:00,1,0,0,3,1.203778
Liverpool,h,1.37633,0.712662,1.37633,0.712662,"{'att': 161, 'def': 17}","{'att': 290, 'def': 15}",5,3,1,1,1.9108,d,2025-12-03 20:15:00,0,1,0,1,0.663668
Liverpool,a,2.04805,1.79333,2.04805,1.03216,"{'att': 223, 'def': 22}","{'att': 241, 'def': 16}",5,4,3,3,1.5317,d,2025-12-06 17:30:00,0,1,0,1,1.01589
Liverpool,h,2.4127,1.69004,2.4127,1.69004,"{'att': 293, 'def': 16}","{'att': 296, 'def': 30}",12,8,2,0,1.8756,w,2025-12-13 15:00:00,1,0,0,3,0.7226600000000001
Liverpool,a,1.23164,1.34905,1.23164,1.34905,"{'att': 159, 'def': 13}","{'att': 285, 'def': 16}",10,2,2,1,1.2494,w,2025-12-20 17:30:00,1,0,0,3,-0.11741000000000001
Liverpool,h,1.56502,0.780664,1.56502,0.780664,"{'att': 171, 'def': 23}","{'att': 295, 'def': 22}",12,2,2,1,2.0151,w,2025-12-27 15:00:00,1,0,0,3,0.784356
Liverpool,h,1.67833,0.15936,1.67833,0.15936,"{'att': 150, 'def': 23}","{'att': 280, 'def': 16}",10,1,0,0,2.6571000000000002,d,2026-01-01 17:30:00,0,1,0,1,1.5189700000000002
Liverpool,a,1.7188,0.609182,1.7188,0.609182,"{'att': 284, 'def': 14}","{'att': 336, 'def': 18}",8,4,2,2,2.2775,d,2026-01-04 15:00:00,0,1,0,1,1.1096180000000002
Liverpool,a,0.318642,0.701832,0.318642,0.701832,"{'att': 211, 'def': 11}","{'att': 281, 'def': 21}",0,10,0,0,0.8744000000000001,d,2026-01-08 20:00:00,0,1,0,1,-0.38319000000000003
Liverpool,h,3.49045,0.546971,2.72928,0.546971,"{'att': 118, 'def': 17}","{'att': 282, 'def': 17}",27,5,1,1,2.8823000000000003,d,2026-01-17 15:00:00,0,1,0,1,2.182309
Liverpool,a,0.937335,3.31474,0.937335,3.31474,"{'att': 158, 'def': 16}","{'att': 272, 'def': 8}",18,7,2,3,0.1613,l,2026-01-24 17:30:00,0,0,1,0,-2.377405
Liverpool,h,3.09973,0.284319,3.09973,0.284319,"{'att': 191, 'def': 19}","{'att': 205, 'def': 12}",11,6,4,1,2.8832,w,2026-01-31 20:00:00,1,0,0,3,2.815411
Liverpool,h,1.26652,2.41476,1.26652,1.65359,"{'att': 236, 'def': 12}","{'att': 186, 'def': 25}",8,12,1,2,0.5914999999999999,l,2026-02-08 16:30:00,0,0,1,0,-0.3870699999999998
Liverpool,a,3.08172,0.693794,3.08172,0.693794,"{'att': 207, 'def': 21}","{'att': 217, 'def': 19}",10,8,1,0,2.7369,w,2026-02-11 20:15:00,1,0,0,3,2.3879259999999998
Liverpool,a,2.39634,0.934768,2.39634,0.934768,"{'att': 200, 'def': 22}","{'att': 265, 'def': 25}",3,2,1,0,2.5054,w,2026-02-22 14:00:00,1,0,0,3,1.4615719999999999
Liverpool,h,2.09939,1.3517,2.09939,1.3517,"{'att': 226, 'def': 24}","{'att': 193, 'def': 26}",14,5,5,2,1.8947,w,2026-02-28 15:00:00,1,0,0,3,0.7476900000000002
Liverpool,a,2.17217,0.636033,2.17217,0.636033,"{'att': 200, 'def': 28}","{'att': 313, 'def': 14}",10,1,1,2,2.4928,l,2026-03-03 20:15:00,0,0,1,0,1.536137
Liverpool,h,1.30076,1.15636,1.30076,1.15636,"{'att': 144, 'def': 26}","{'att': 263, 'def': 20}",17,3,1,1,1.4429,d,2026-03-15 16:30:00,0,1,0,1,0.14439999999999986
Liverpool,a,0.956801,3.42956,0.956801,3.42956,"{'att': 178, 'def': 16}","{'att': 207, 'def': 18}",7,7,1,2,0.14730000000000001,l,2026-03-21 12:30:00,0,0,1,0,-2.472759
Liverpool,h,2.01499,1.42024,2.01499,1.42024,"{'att': 231, 'def': 23}","{'att': 273, 'def': 20}",21,12,2,0,1.7901,w,2026-04-11 16:30:00,1,0,0,3,0.5947500000000001
Liverpool,a,1.38333,1.4784,1.38333,1.4784,"{'att': 196, 'def': 22}","{'att': 298, 'def': 20}",8,5,2,1,1.2572,w,2026-04-19 13:00:00,1,0,0,3,-0.09506999999999999
Liverpool,h,1.45071,2.19912,1.45071,2.19912,"{'att': 259, 'def': 17}","{'att': 278, 'def': 18}",6,6,3,1,0.8742000000000001,w,2026-04-25 14:00:00,1,0,0,3,-0.7484100000000002
Liverpool,a,1.02814,2.55612,1.02814,2.55612,"{'att': 194, 'def': 20}","{'att': 285, 'def': 23}",5,7,2,3,0.4435,l,2026-05-03 15:30:00,0,0,1,0,-1.52798
Liverpool,h,0.623191,0.597184,0.623191,0.597184,"{'att': 307, 'def': 25}","{'att': 301, 'def': 33}",7,7,1,1,1.3029,d,2026-05-09 12:30:00,0,1,0,1,0.026007000000000002
Liverpool,a,1.55027,2.5252,1.55027,2.5252,"{'att': 200, 'def': 14}","{'att': 249, 'def': 19}",7,5,2,4,0.7071999999999999,l,2026-05-15 20:00:00,0,0,1,0,-0.9749299999999999
Liverpool,h,2.99412,1.46082,2.99412,1.46082,"{'att': 199, 'def': 17}","{'att': 220, 'def': 18}",11,5,1,1,2.3327,d,2026-05-24 15:00:00,0,1,0,1,1.5333
Manchester City,a,2.29903,0.519436,2.29903,0.519436,"{'att': 236, 'def': 20}","{'att': 351, 'def': 29}",8,4,4,0,2.6430000000000002,w,2025-08-16 16:30:00,1,0,0,3,1.7795940000000001
Manchester City,h,1.2475,1.28015,1.2475,1.28015,"{'att': 188, 'def': 18}","{'att': 292, 'def': 22}",8,4,0,2,1.3467,l,2025-08-23 11:30:00,0,0,1,0,-0.032649999999999846
Manchester City,a,2.13418,2.20864,2.13418,1.44747,"{'att': 179, 'def': 15}","{'att': 319, 'def': 27}",9,4,1,2,1.3064,l,2025-08-31 13:00:00,0,0,1,0,0.6867100000000002
Manchester City,h,1.99725,1.51915,1.99725,1.51915,"{'att': 269, 'def': 14}","{'att': 240, 'def': 26}",8,8,3,0,1.697,w,2025-09-14 15:30:00,1,0,0,3,0.47809999999999997
Manchester City,a,1.1227,0.718575,1.1227,0.718575,"{'att': 323, 'def': 19}","{'att': 150, 'def': 22}",3,10,1,1,1.7474,d,2025-09-21 15:30:00,0,1,0,1,0.40412500000000007
Manchester City,h,3.22133,0.509491,3.22133,0.509491,"{'att': 176, 'def': 11}","{'att': 275, 'def': 16}",15,4,5,1,2.8438999999999997,w,2025-09-27 14:00:00,1,0,0,3,2.711839
Manchester City,a,1.09647,0.693758,1.09647,0.693758,"{'att': 189, 'def': 14}","{'att': 399, 'def': 30}",9,2,1,0,1.6665,w,2025-10-05 15:30:00,1,0,0,3,0.40271200000000007
Manchester City,h,2.4799,0.794622,2.4799,0.794622,"{'att': 157, 'def': 18}","{'att': 434, 'def': 26}",15,4,2,0,2.5183,w,2025-10-18 14:00:00,1,0,0,3,1.6852780000000003
Manchester City,a,1.36914,0.843906,1.36914,0.843906,"{'att': 287, 'def': 28}","{'att': 246, 'def': 11}",11,8,0,1,1.7647,l,2025-10-26 13:00:00,0,0,1,0,0.525234
Manchester City,h,2.48999,0.899846,2.48999,0.899846,"{'att': 323, 'def': 16}","{'att': 258, 'def': 23}",8,4,3,1,2.4677000000000002,w,2025-11-02 16:30:00,1,0,0,3,1.590144
Manchester City,h,1.59542,1.0281,0.834247,1.0281,"{'att': 260, 'def': 22}","{'att': 253, 'def': 23}",7,7,3,0,1.8593,w,2025-11-09 16:30:00,1,0,0,3,-0.19385300000000005
Manchester City,a,2.45648,2.40555,2.45648,2.40555,"{'att': 139, 'def': 18}","{'att': 257, 'def': 22}",16,4,1,2,1.3767,l,2025-11-22 17:30:00,0,0,1,0,0.05093000000000014
Manchester City,h,2.85292,1.75142,2.85292,0.840267,"{'att': 209, 'def': 17}","{'att': 251, 'def': 30}",12,4,3,2,2.1735,w,2025-11-29 15:00:00,1,0,0,3,2.0126530000000002
Manchester City,a,1.96225,0.972635,1.96225,0.972635,"{'att': 388, 'def': 22}","{'att': 261, 'def': 26}",5,6,5,4,2.1311999999999998,w,2025-12-02 19:30:00,1,0,0,3,0.989615
Manchester City,h,2.41605,0.626486,2.41605,0.626486,"{'att': 235, 'def': 14}","{'att': 277, 'def': 21}",7,1,3,0,2.5646999999999998,w,2025-12-06 15:00:00,1,0,0,3,1.789564
Manchester City,a,1.35317,1.30092,0.591996,1.30092,"{'att': 195, 'def': 15}","{'att': 361, 'def': 27}",3,8,3,0,1.4515,w,2025-12-14 14:00:00,1,0,0,3,-0.7089240000000001
Manchester City,h,3.58188,1.02143,3.58188,1.02143,"{'att': 256, 'def': 33}","{'att': 420, 'def': 22}",14,2,3,0,2.7782,w,2025-12-20 15:00:00,1,0,0,3,2.56045
Manchester City,a,1.46468,0.600141,1.46468,0.600141,"{'att': 136, 'def': 21}","{'att': 299, 'def': 16}",11,4,2,1,2.0779,w,2025-12-27 12:30:00,1,0,0,3,0.864539
Manchester City,a,2.44247,0.962141,2.44247,0.962141,"{'att': 148, 'def': 26}","{'att': 316, 'def': 37}",17,5,0,0,2.3851,d,2026-01-01 20:00:00,0,1,0,1,1.4803290000000002
Manchester City,h,1.03049,2.03726,1.03049,2.03726,"{'att': 271, 'def': 33}","{'att': 329, 'def': 25}",7,2,1,1,0.5465,d,2026-01-04 17:30:00,0,1,0,1,-1.00677
Manchester City,h,2.95904,1.33162,2.19787,1.33162,"{'att': 259, 'def': 27}","{'att': 310, 'def': 25}",13,1,1,1,2.4293,d,2026-01-07 19:30:00,0,1,0,1,0.86625
Manchester City,a,0.387015,3.07278,0.387015,3.07278,"{'att': 138, 'def': 21}","{'att': 317, 'def': 20}",11,4,0,2,0.08460000000000001,l,2026-01-17 12:30:00,0,0,1,0,-2.685765
Manchester City,h,1.0654,0.542683,1.0654,0.542683,"{'att': 231, 'def': 39}","{'att': 371, 'def': 18}",10,2,2,0,1.8209,w,2026-01-24 15:00:00,1,0,0,3,0.5227169999999999
Manchester City,a,2.03614,1.49738,2.03614,1.49738,"{'att': 192, 'def': 20}","{'att': 349, 'def': 30}",7,10,2,2,1.7692999999999999,d,2026-02-01 16:30:00,0,1,0,1,0.5387600000000001
Manchester City,a,2.41476,1.26652,1.65359,1.26652,"{'att': 186, 'def': 25}","{'att': 236, 'def': 12}",12,8,2,1,2.2124,w,2026-02-08 16:30:00,1,0,0,3,0.3870699999999998
Manchester City,h,1.67722,1.05283,1.67722,1.05283,"{'att': 306, 'def': 21}","{'att': 367, 'def': 21}",5,3,3,0,1.8575,w,2026-02-11 19:30:00,1,0,0,3,0.62439
Manchester City,h,2.22648,0.507954,2.22648,0.507954,"{'att': 220, 'def': 23}","{'att': 213, 'def': 26}",11,1,2,1,2.5799000000000003,w,2026-02-21 20:00:00,1,0,0,3,1.718526
Manchester City,a,2.46834,1.37824,2.46834,1.37824,"{'att': 170, 'def': 10}","{'att': 307, 'def': 20}",6,4,1,0,2.1835,w,2026-02-28 17:30:00,1,0,0,3,1.0901
Manchester City,h,2.72655,1.23642,2.72655,1.23642,"{'att': 202, 'def': 19}","{'att': 331, 'def': 12}",14,3,2,2,2.3648,d,2026-03-04 19:30:00,0,1,0,1,1.49013
Manchester City,a,1.9546,0.488982,1.9546,0.488982,"{'att': 185, 'def': 20}","{'att': 379, 'def': 22}",8,2,1,1,2.4822,d,2026-03-14 20:00:00,0,1,0,1,1.4656179999999999
Manchester City,a,2.40839,1.22108,2.40839,1.22108,"{'att': 232, 'def': 27}","{'att': 336, 'def': 13}",15,2,3,0,2.1764,w,2026-04-12 15:30:00,1,0,0,3,1.1873099999999999
Manchester City,h,2.61528,2.28964,2.61528,2.28964,"{'att': 175, 'def': 13}","{'att': 238, 'def': 26}",15,3,2,1,1.5943,w,2026-04-19 15:30:00,1,0,0,3,0.32563999999999993
Manchester City,a,3.40888,0.973776,3.40888,0.973776,"{'att': 230, 'def': 22}","{'att': 321, 'def': 20}",19,5,1,0,2.6851000000000003,w,2026-04-22 19:00:00,1,0,0,3,2.435104
Manchester City,a,1.41706,1.68558,1.41706,1.68558,"{'att': 97, 'def': 15}","{'att': 280, 'def': 17}",14,1,3,3,1.145,d,2026-05-04 20:00:00,0,1,0,1,-0.2685200000000001
Manchester City,h,4.37429,0.670038,4.37429,0.670038,"{'att': 182, 'def': 25}","{'att': 207, 'def': 27}",13,3,3,0,2.9734,w,2026-05-09 17:30:00,1,0,0,3,3.7042520000000003
Manchester City,h,1.95679,0.428862,1.95679,0.428862,"{'att': 188, 'def': 24}","{'att': 337, 'def': 12}",17,2,3,0,2.5366,w,2026-05-13 20:00:00,1,0,0,3,1.527928
Manchester City,a,1.26917,1.71486,1.26917,1.71486,"{'att': 241, 'def': 11}","{'att': 309, 'def': 29}",12,9,1,1,1.0296,d,2026-05-19 19:30:00,0,1,0,1,-0.44569000000000014
Manchester City,h,1.38085,2.4397,1.38085,2.4397,"{'att': 324, 'def': 20}","{'att': 207, 'def': 10}",14,4,1,2,0.6744,l,2026-05-24 15:00:00,0,0,1,0,-1.0588500000000003
Manchester United,h,1.37653,1.3304,1.37653,1.3304,"{'att': 166, 'def': 21}","{'att': 259, 'def': 23}",7,3,0,1,1.3298,l,2025-08-17 15:30:00,0,0,1,0,0.046130000000000004
Manchester United,a,1.54603,1.65333,0.784858,1.65333,"{'att': 196, 'def': 18}","{'att': 218, 'def': 22}",11,11,1,1,1.2692,d,2025-08-24 15:30:00,0,1,0,1,-0.868472
Manchester United,h,4.02237,1.32618,3.2612,1.32618,"{'att': 167, 'def': 11}","{'att': 272, 'def': 17}",8,3,3,2,2.7985,w,2025-08-30 14:00:00,1,0,0,3,1.9350200000000002
Manchester United,a,1.51915,1.99725,1.51915,1.99725,"{'att': 240, 'def': 26}","{'att': 269, 'def': 14}",8,8,0,3,1.0457,l,2025-09-14 15:30:00,0,0,1,0,-0.47809999999999997
Manchester United,h,1.34458,0.469843,1.34458,0.469843,"{'att': 337, 'def': 26}","{'att': 184, 'def': 14}",4,5,2,1,2.163,w,2025-09-20 16:30:00,1,0,0,3,0.8747370000000001
Manchester United,a,2.23609,2.78726,1.47492,2.78726,"{'att': 194, 'def': 16}","{'att': 293, 'def': 25}",1,6,1,3,0.9664,l,2025-09-27 11:30:00,0,0,1,0,-1.3123399999999998
Manchester United,h,1.9298,0.807119,1.9298,0.807119,"{'att': 234, 'def': 23}","{'att': 244, 'def': 25}",7,3,2,0,2.2545,w,2025-10-04 14:00:00,1,0,0,3,1.122681
Manchester United,a,2.53117,2.60972,2.53117,2.60972,"{'att': 244, 'def': 14}","{'att': 122, 'def': 16}",6,10,2,1,1.3212000000000002,w,2025-10-19 15:30:00,1,0,0,3,-0.0785499999999999
Manchester United,h,1.96231,0.947154,1.96231,0.947154,"{'att': 391, 'def': 28}","{'att': 209, 'def': 33}",9,5,4,2,2.1264000000000003,w,2025-10-25 16:30:00,1,0,0,3,1.015156
Manchester United,a,0.91622,1.55066,0.91622,1.55066,"{'att': 161, 'def': 17}","{'att': 315, 'def': 23}",5,7,2,2,0.8145,d,2025-11-01 15:00:00,0,1,0,1,-0.6344399999999999
Manchester United,a,0.820256,1.35532,0.820256,1.35532,"{'att': 253, 'def': 19}","{'att': 224, 'def': 29}",3,5,2,2,0.9049,d,2025-11-08 12:30:00,0,1,0,1,-0.5350640000000001
Manchester United,h,2.2737,0.155063,2.2737,0.155063,"{'att': 105, 'def': 22}","{'att': 258, 'def': 9}",15,2,0,1,2.7676000000000003,l,2025-11-24 20:00:00,0,0,1,0,2.1186369999999997
Manchester United,a,1.47768,2.13561,1.47768,1.37444,"{'att': 170, 'def': 19}","{'att': 241, 'def': 19}",1,4,2,1,0.812,w,2025-11-30 12:00:00,1,0,0,3,0.10324
Manchester United,h,2.27674,1.36584,2.27674,1.36584,"{'att': 135, 'def': 25}","{'att': 248, 'def': 24}",7,8,1,1,2.0681,d,2025-12-04 20:00:00,0,1,0,1,0.9109000000000003
Manchester United,a,4.04708,0.262147,3.28591,0.262147,"{'att': 110, 'def': 24}","{'att': 298, 'def': 37}",10,6,4,1,2.9737000000000005,w,2025-12-08 20:00:00,1,0,0,3,3.0237629999999998
Manchester United,h,3.21204,2.35196,3.21204,2.35196,"{'att': 109, 'def': 18}","{'att': 176, 'def': 13}",18,12,4,4,1.937,d,2025-12-15 20:00:00,0,1,0,1,0.86008
Manchester United,a,1.30455,1.86917,1.30455,1.86917,"{'att': 220, 'def': 38}","{'att': 265, 'def': 23}",8,1,1,2,0.8601000000000001,l,2025-12-21 16:30:00,0,0,1,0,-0.5646199999999999
Manchester United,h,0.940811,1.12998,0.940811,1.12998,"{'att': 297, 'def': 18}","{'att': 185, 'def': 24}",1,9,1,0,1.208,w,2025-12-26 20:00:00,1,0,0,3,-0.18916900000000003
Manchester United,h,1.13306,1.21784,1.13306,1.21784,"{'att': 207, 'def': 27}","{'att': 296, 'def': 17}",6,7,1,1,1.2485,d,2025-12-30 20:15:00,0,1,0,1,-0.08478000000000008
Manchester United,a,1.94781,0.970138,1.94781,0.970138,"{'att': 210, 'def': 20}","{'att': 309, 'def': 35}",8,11,1,1,2.1113,d,2026-01-04 12:30:00,0,1,0,1,0.9776720000000001
Manchester United,a,2.52488,0.31971,2.52488,0.31971,"{'att': 150, 'def': 18}","{'att': 307, 'def': 26}",13,1,2,2,2.7248,d,2026-01-07 20:15:00,0,1,0,1,2.20517
Manchester United,h,3.07278,0.387015,3.07278,0.387015,"{'att': 317, 'def': 20}","{'att': 138, 'def': 21}",4,11,2,0,2.8665000000000003,w,2026-01-17 12:30:00,1,0,0,3,2.685765
Manchester United,a,0.640902,1.42411,0.640902,1.42411,"{'att': 205, 'def': 17}","{'att': 198, 'def': 23}",1,12,3,2,0.6517,w,2026-01-25 16:30:00,1,0,0,3,-0.783208
Manchester United,h,1.84362,1.71998,1.84362,0.95881,"{'att': 329, 'def': 17}","{'att': 225, 'def': 19}",7,7,3,2,1.4507999999999999,w,2026-02-01 14:00:00,1,0,0,3,0.88481
Manchester United,h,2.16576,0.593404,2.16576,0.593404,"{'att': 197, 'def': 22}","{'att': 303, 'def': 15}",18,8,2,0,2.4863,w,2026-02-07 12:30:00,1,0,0,3,1.572356
Manchester United,a,0.735767,1.30746,0.735767,1.30746,"{'att': 160, 'def': 15}","{'att': 330, 'def': 21}",5,1,1,1,0.7972000000000001,d,2026-02-10 20:15:00,0,1,0,1,-0.5716930000000001
Manchester United,a,1.4547,0.560924,1.4547,0.560924,"{'att': 166, 'def': 12}","{'att': 263, 'def': 24}",5,6,1,0,2.1872,w,2026-02-23 20:00:00,1,0,0,3,0.8937760000000001
Manchester United,h,2.34609,0.384699,1.58492,0.384699,"{'att': 235, 'def': 21}","{'att': 312, 'def': 21}",8,5,2,1,2.7323,w,2026-03-01 14:00:00,1,0,0,3,1.200221
Manchester United,a,1.80571,1.96637,1.80571,1.2052,"{'att': 191, 'def': 28}","{'att': 233, 'def': 27}",11,8,1,2,1.2093,l,2026-03-04 20:15:00,0,0,1,0,0.6005099999999999
Manchester United,h,1.67823,1.21071,1.67823,1.21071,"{'att': 214, 'def': 22}","{'att': 260, 'def': 15}",5,10,3,1,1.7202,w,2026-03-15 14:00:00,1,0,0,3,0.46752000000000016
Manchester United,a,1.74574,1.76664,0.984568,1.00547,"{'att': 254, 'def': 21}","{'att': 218, 'def': 20}",8,6,2,2,1.3522,d,2026-03-20 20:00:00,0,1,0,1,-0.020902000000000087
Manchester United,h,1.36555,2.95118,1.36555,2.95118,"{'att': 239, 'def': 23}","{'att': 267, 'def': 21}",11,8,1,2,0.4425,l,2026-04-13 19:00:00,0,0,1,0,-1.5856299999999999
Manchester United,a,0.436043,1.28109,0.436043,1.28109,"{'att': 369, 'def': 13}","{'att': 261, 'def': 23}",1,8,1,0,0.6592,w,2026-04-18 19:00:00,1,0,0,3,-0.8450470000000001
Manchester United,h,1.84852,1.30383,1.84852,1.30383,"{'att': 260, 'def': 20}","{'att': 239, 'def': 24}",8,10,2,1,1.8439999999999999,w,2026-04-27 19:00:00,1,0,0,3,0.5446899999999999
Manchester United,h,2.55612,1.02814,2.55612,1.02814,"{'att': 285, 'def': 23}","{'att': 194, 'def': 20}",7,5,3,2,2.4019,w,2026-05-03 15:30:00,1,0,0,3,1.52798
Manchester United,a,0.535981,1.2376,0.535981,1.2376,"{'att': 268, 'def': 21}","{'att': 244, 'def': 18}",7,13,0,0,0.7339,d,2026-05-09 15:00:00,0,1,0,1,-0.701619
Manchester United,h,4.28532,1.84418,4.28532,1.84418,"{'att': 251, 'def': 25}","{'att': 249, 'def': 18}",14,11,3,2,2.6182999999999996,w,2026-05-17 12:30:00,1,0,0,3,2.44114
Manchester United,a,2.32868,0.702398,2.32868,0.702398,"{'att': 267, 'def': 17}","{'att': 236, 'def': 31}",9,10,3,0,2.5873,w,2026-05-24 15:00:00,1,0,0,3,1.6262819999999998
Burnley,a,0.734138,1.97858,0.734138,1.97858,"{'att': 295, 'def': 17}","{'att': 108, 'def': 17}",6,7,0,3,0.4918,l,2025-08-16 14:00:00,0,0,1,0,-1.244442
Burnley,h,1.00381,1.12127,1.00381,1.12127,"{'att': 324, 'def': 21}","{'att': 247, 'def': 12}",4,4,2,0,1.2227,w,2025-08-23 14:00:00,1,0,0,3,-0.1174599999999999
Burnley,a,1.32618,4.02237,1.32618,3.2612,"{'att': 272, 'def': 17}","{'att': 167, 'def': 11}",3,8,2,3,0.136,l,2025-08-30 14:00:00,0,0,1,0,-1.9350200000000002
Burnley,h,0.168041,2.79492,0.168041,2.03375,"{'att': 244, 'def': 22}","{'att': 58, 'def': 14}",0,17,0,1,0.0498,l,2025-09-14 13:00:00,0,0,1,0,-1.8657089999999998
Burnley,h,1.14159,0.830779,1.14159,0.830779,"{'att': 340, 'def': 18}","{'att': 191, 'def': 21}",4,10,1,1,1.6359,d,2025-09-20 14:00:00,0,1,0,1,0.31081100000000006
Burnley,a,0.509491,3.22133,0.509491,3.22133,"{'att': 275, 'def': 16}","{'att': 176, 'def': 11}",4,15,1,5,0.0959,l,2025-09-27 14:00:00,0,0,1,0,-2.711839
Burnley,a,0.502292,1.73572,0.502292,1.73572,"{'att': 328, 'def': 42}","{'att': 229, 'def': 18}",1,8,1,2,0.4577,l,2025-10-05 13:00:00,0,0,1,0,-1.233428
Burnley,h,0.509647,2.33152,0.509647,2.33152,"{'att': 332, 'def': 21}","{'att': 164, 'def': 21}",2,8,2,0,0.22310000000000002,w,2025-10-18 14:00:00,1,0,0,3,-1.8218729999999999
Burnley,a,1.54544,2.58132,1.54544,1.82015,"{'att': 262, 'def': 18}","{'att': 213, 'def': 24}",5,10,3,2,0.6457999999999999,w,2025-10-26 13:00:00,1,0,0,3,-0.27471
Burnley,h,0.679177,2.51649,0.679177,2.51649,"{'att': 311, 'def': 20}","{'att': 231, 'def': 19}",3,9,0,2,0.2319,l,2025-11-01 15:00:00,0,0,1,0,-1.837313
Burnley,a,1.87478,2.96728,1.87478,2.96728,"{'att': 200, 'def': 19}","{'att': 309, 'def': 20}",7,4,2,3,0.5509999999999999,l,2025-11-08 15:00:00,0,0,1,0,-1.0925000000000002
Burnley,h,0.660943,1.72093,0.660943,1.72093,"{'att': 367, 'def': 26}","{'att': 250, 'def': 19}",6,11,0,2,0.5518000000000001,l,2025-11-22 12:30:00,0,0,1,0,-1.059987
Burnley,a,0.874025,3.72106,0.112856,2.9599,"{'att': 226, 'def': 19}","{'att': 205, 'def': 14}",1,5,1,3,0.0638,l,2025-11-29 15:00:00,0,0,1,0,-2.8470440000000004
Burnley,h,1.16852,0.987797,1.16852,0.987797,"{'att': 244, 'def': 25}","{'att': 347, 'def': 14}",9,4,0,1,1.4739,l,2025-12-03 19:30:00,0,0,1,0,0.18072299999999997
Burnley,a,1.58375,1.80708,0.822586,1.04591,"{'att': 297, 'def': 13}","{'att': 129, 'def': 18}",2,13,1,2,1.1873999999999998,l,2025-12-06 15:00:00,0,0,1,0,-0.22332399999999986
Burnley,h,2.05486,1.65053,2.05486,1.65053,"{'att': 312, 'def': 23}","{'att': 286, 'def': 12}",8,7,2,3,1.6566999999999998,l,2025-12-13 17:30:00,0,0,1,0,0.4043300000000001
Burnley,a,0.480528,1.81847,0.480528,1.81847,"{'att': 233, 'def': 22}","{'att': 121, 'def': 22}",3,12,1,1,0.34109999999999996,d,2025-12-20 15:00:00,0,1,0,1,-1.337942
Burnley,h,1.24948,1.25204,1.24948,1.25204,"{'att': 177, 'def': 21}","{'att': 244, 'def': 21}",4,6,0,0,1.3078,d,2025-12-27 15:00:00,0,1,0,1,-0.0025600000000001177
Burnley,h,1.32551,2.49248,1.32551,2.49248,"{'att': 282, 'def': 23}","{'att': 230, 'def': 20}",11,7,1,3,0.583,l,2025-12-30 19:30:00,0,0,1,0,-1.16697
Burnley,a,0.254551,1.4717,0.254551,1.4717,"{'att': 412, 'def': 29}","{'att': 233, 'def': 19}",1,6,0,2,0.37870000000000004,l,2026-01-03 15:00:00,0,0,1,0,-1.217149
Burnley,h,0.31971,2.52488,0.31971,2.52488,"{'att': 307, 'def': 26}","{'att': 150, 'def': 18}",1,13,2,2,0.1727,d,2026-01-07 20:15:00,0,1,0,1,-2.20517
Burnley,a,0.546971,3.49045,0.546971,2.72928,"{'att': 282, 'def': 17}","{'att': 118, 'def': 17}",5,27,1,1,0.0767,d,2026-01-17 15:00:00,0,1,0,1,-2.182309
Burnley,h,1.54884,2.59093,1.54884,2.59093,"{'att': 340, 'def': 29}","{'att': 203, 'def': 27}",5,4,2,2,0.6716,d,2026-01-24 15:00:00,0,1,0,1,-1.0420900000000002
Burnley,a,0.126371,1.8865,0.126371,1.8865,"{'att': 246, 'def': 23}","{'att': 295, 'def': 15}",2,7,0,3,0.14429999999999998,l,2026-02-02 20:00:00,0,0,1,0,-1.760129
Burnley,h,1.84644,1.1223,1.84644,1.1223,"{'att': 263, 'def': 23}","{'att': 217, 'def': 15}",6,4,0,2,1.9272,l,2026-02-07 15:00:00,0,0,1,0,0.72414
Burnley,a,0.691273,2.1276,0.691273,2.1276,"{'att': 318, 'def': 17}","{'att': 146, 'def': 19}",5,15,3,2,0.4368,w,2026-02-11 19:30:00,1,0,0,3,-1.4363270000000001
Burnley,a,1.01255,2.51534,1.01255,2.51534,"{'att': 297, 'def': 19}","{'att': 169, 'def': 22}",4,12,1,1,0.38570000000000004,d,2026-02-21 15:00:00,0,1,0,1,-1.50279
Burnley,h,0.823824,2.44595,0.823824,2.44595,"{'att': 275, 'def': 17}","{'att': 177, 'def': 27}",4,9,3,4,0.3262,l,2026-02-28 15:00:00,0,0,1,0,-1.6221259999999997
Burnley,a,0.762229,1.15845,0.762229,1.15845,"{'att': 299, 'def': 21}","{'att': 289, 'def': 24}",2,4,0,2,1.0072,l,2026-03-03 19:30:00,0,0,1,0,-0.39622099999999993
Burnley,h,1.67695,2.36979,1.67695,2.36979,"{'att': 253, 'def': 20}","{'att': 124, 'def': 13}",5,9,0,0,0.9222,d,2026-03-14 15:00:00,0,1,0,1,-0.6928400000000001
Burnley,a,1.92556,3.48438,1.92556,2.72321,"{'att': 272, 'def': 13}","{'att': 242, 'def': 15}",4,16,1,3,0.5219,l,2026-03-21 15:00:00,0,0,1,0,-0.79765
Burnley,h,0.812029,1.07182,0.812029,1.07182,"{'att': 293, 'def': 16}","{'att': 273, 'def': 35}",3,11,0,2,1.137,l,2026-04-11 14:00:00,0,0,1,0,-0.259791
Burnley,a,0.601418,1.4425,0.601418,1.4425,"{'att': 286, 'def': 28}","{'att': 289, 'def': 20}",3,6,1,4,0.6392,l,2026-04-19 13:00:00,0,0,1,0,-0.8410819999999999
Burnley,h,0.973776,3.40888,0.973776,3.40888,"{'att': 321, 'def': 20}","{'att': 230, 'def': 22}",5,19,0,1,0.2239,l,2026-04-22 19:00:00,0,0,1,0,-2.435104
Burnley,a,0.434597,2.09546,0.434597,2.09546,"{'att': 259, 'def': 20}","{'att': 324, 'def': 29}",3,4,1,3,0.255,l,2026-05-01 20:00:00,0,0,1,0,-1.660863
Burnley,h,1.71234,1.75493,1.71234,1.75493,"{'att': 315, 'def': 28}","{'att': 126, 'def': 16}",7,7,2,2,1.3481,d,2026-05-10 14:00:00,0,1,0,1,-0.04259000000000013
Burnley,a,0.194884,1.22695,0.194884,1.22695,"{'att': 234, 'def': 17}","{'att': 199, 'def': 16}",2,20,0,1,0.4053,l,2026-05-18 20:00:00,0,0,1,0,-1.032066
Burnley,h,1.28476,2.8433,1.28476,2.08213,"{'att': 131, 'def': 14}","{'att': 287, 'def': 21}",13,5,1,1,0.41890000000000005,d,2026-05-24 15:00:00,0,1,0,1,-0.7973699999999999
Brighton,h,1.44008,0.902883,0.678909,0.902883,"{'att': 250, 'def': 28}","{'att': 292, 'def': 18}",5,6,1,1,1.8562,d,2025-08-16 14:00:00,0,1,0,1,-0.223974
Brighton,a,2.08487,1.80116,1.3237,1.80116,"{'att': 165, 'def': 19}","{'att': 301, 'def': 17}",8,5,0,2,1.6155000000000002,l,2025-08-24 13:00:00,0,0,1,0,-0.47746
Brighton,h,2.20864,2.13418,1.44747,2.13418,"{'att': 319, 'def': 27}","{'att': 179, 'def': 15}",4,9,2,1,1.4209999999999998,w,2025-08-31 13:00:00,1,0,0,3,-0.6867100000000002
Brighton,a,0.624923,1.44187,0.624923,0.680706,"{'att': 200, 'def': 23}","{'att': 195, 'def': 18}",3,5,1,2,0.6141000000000001,l,2025-09-13 14:00:00,0,0,1,0,-0.05578300000000003
Brighton,h,1.40466,1.19181,1.40466,1.19181,"{'att': 287, 'def': 25}","{'att': 155, 'def': 32}",4,14,2,2,1.5372999999999999,d,2025-09-20 14:00:00,0,1,0,1,0.21284999999999998
Brighton,a,2.4751,2.02653,2.4751,2.02653,"{'att': 266, 'def': 29}","{'att': 162, 'def': 19}",8,4,3,1,1.7227,w,2025-09-27 14:00:00,1,0,0,3,0.4485699999999997
Brighton,a,1.39158,0.369404,1.39158,0.369404,"{'att': 216, 'def': 22}","{'att': 285, 'def': 21}",2,2,1,1,2.2661,d,2025-10-05 13:00:00,0,1,0,1,1.022176
Brighton,h,0.857104,1.28313,0.857104,1.28313,"{'att': 295, 'def': 22}","{'att': 241, 'def': 25}",8,9,2,1,0.9963000000000001,w,2025-10-18 14:00:00,1,0,0,3,-0.4260260000000001
Brighton,a,0.947154,1.96231,0.947154,1.96231,"{'att': 209, 'def': 33}","{'att': 391, 'def': 28}",5,9,2,4,0.6576,l,2025-10-25 16:30:00,0,0,1,0,-1.015156
Brighton,h,2.64127,0.35919,2.64127,0.35919,"{'att': 311, 'def': 21}","{'att': 339, 'def': 15}",7,2,3,0,2.8172,w,2025-11-01 15:00:00,1,0,0,3,2.28208
Brighton,a,0.637037,0.839547,0.637037,0.839547,"{'att': 210, 'def': 21}","{'att': 306, 'def': 26}",7,10,0,0,1.1541,d,2025-11-09 14:00:00,0,1,0,1,-0.20251000000000008
Brighton,h,0.977488,2.19979,0.977488,0.677448,"{'att': 187, 'def': 25}","{'att': 348, 'def': 20}",10,7,2,1,0.43720000000000003,w,2025-11-22 15:00:00,1,0,0,3,0.30004
Brighton,a,2.0572,0.960325,2.0572,0.960325,"{'att': 247, 'def': 25}","{'att': 303, 'def': 23}",8,11,2,0,2.1597,w,2025-11-30 14:05:00,1,0,0,3,1.0968749999999998
Brighton,h,1.96298,3.15745,1.96298,3.15745,"{'att': 246, 'def': 41}","{'att': 274, 'def': 19}",5,11,3,4,0.6274000000000001,l,2025-12-03 19:30:00,0,0,1,0,-1.19447
Brighton,h,2.10077,1.7064,2.10077,1.7064,"{'att': 133, 'def': 22}","{'att': 266, 'def': 15}",8,3,1,1,1.6409,d,2025-12-07 14:00:00,0,1,0,1,0.3943699999999999
Brighton,a,1.69004,2.4127,1.69004,2.4127,"{'att': 296, 'def': 30}","{'att': 293, 'def': 16}",8,12,0,2,0.9045,l,2025-12-13 15:00:00,0,0,1,0,-0.7226600000000001
Brighton,h,0.919272,1.31044,0.919272,1.31044,"{'att': 168, 'def': 17}","{'att': 213, 'def': 25}",10,8,0,0,1.0229,d,2025-12-20 15:00:00,0,1,0,1,-0.39116800000000007
Brighton,a,0.710064,2.54318,0.710064,2.54318,"{'att': 249, 'def': 23}","{'att': 236, 'def': 17}",6,8,1,2,0.2768,l,2025-12-27 15:00:00,0,0,1,0,-1.833116
Brighton,a,3.08914,2.27644,1.56681,1.51527,"{'att': 178, 'def': 26}","{'att': 305, 'def': 21}",5,5,2,2,1.9821,d,2025-12-30 19:30:00,0,1,0,1,0.05154000000000014
Brighton,h,1.4717,0.254551,1.4717,0.254551,"{'att': 233, 'def': 19}","{'att': 412, 'def': 29}",6,1,2,0,2.3977,w,2026-01-03 15:00:00,1,0,0,3,1.217149
Brighton,a,1.33162,2.95904,1.33162,2.19787,"{'att': 310, 'def': 25}","{'att': 259, 'def': 27}",1,13,1,1,0.41,d,2026-01-07 19:30:00,0,1,0,1,-0.86625
Brighton,h,0.995777,1.69737,0.995777,0.936204,"{'att': 133, 'def': 20}","{'att': 291, 'def': 13}",8,7,1,1,0.78,d,2026-01-19 20:00:00,0,1,0,1,0.05957299999999999
Brighton,a,1.94652,1.13243,1.94652,1.13243,"{'att': 314, 'def': 23}","{'att': 298, 'def': 17}",6,7,1,2,2.0177,l,2026-01-24 15:00:00,0,0,1,0,0.81409
Brighton,h,1.42825,1.28126,1.42825,1.28126,"{'att': 220, 'def': 30}","{'att': 298, 'def': 18}",9,7,1,1,1.4662,d,2026-01-31 15:00:00,0,1,0,1,0.14698999999999995
Brighton,h,0.737798,0.928404,0.737798,0.928404,"{'att': 159, 'def': 21}","{'att': 368, 'def': 18}",3,6,0,1,1.1303,l,2026-02-08 14:00:00,0,0,1,0,-0.19060600000000005
Brighton,a,0.481306,0.576138,0.481306,0.576138,"{'att': 243, 'def': 29}","{'att': 226, 'def': 14}",5,10,0,1,1.186,l,2026-02-11 19:30:00,0,0,1,0,-0.09483200000000003
Brighton,a,1.37203,1.69023,1.37203,1.69023,"{'att': 244, 'def': 27}","{'att': 199, 'def': 13}",5,8,2,0,1.0887,w,2026-02-21 15:00:00,1,0,0,3,-0.3181999999999998
Brighton,h,1.20107,0.83055,1.20107,0.83055,"{'att': 273, 'def': 29}","{'att': 313, 'def': 21}",10,2,2,1,1.6604,w,2026-03-01 14:00:00,1,0,0,3,0.37052000000000007
Brighton,h,0.919228,0.514803,0.919228,0.514803,"{'att': 171, 'def': 24}","{'att': 255, 'def': 21}",6,3,0,1,1.6939,l,2026-03-04 19:30:00,0,0,1,0,0.40442500000000003
Brighton,a,1.12832,0.659083,1.12832,0.659083,"{'att': 217, 'def': 25}","{'att': 261, 'def': 13}",12,9,1,0,1.7702000000000002,w,2026-03-14 15:00:00,1,0,0,3,0.469237
Brighton,h,3.42956,0.956801,3.42956,0.956801,"{'att': 207, 'def': 18}","{'att': 178, 'def': 16}",7,7,2,1,2.7837,w,2026-03-21 12:30:00,1,0,0,3,2.472759
Brighton,a,1.07182,0.812029,1.07182,0.812029,"{'att': 273, 'def': 35}","{'att': 293, 'def': 16}",11,3,2,0,1.5306,w,2026-04-11 14:00:00,1,0,0,3,0.259791
Brighton,a,1.1373,1.56052,1.1373,1.56052,"{'att': 186, 'def': 33}","{'att': 224, 'def': 18}",7,9,2,2,1.0158,d,2026-04-18 16:30:00,0,1,0,1,-0.42321999999999993
Brighton,h,2.51784,0.297865,2.51784,0.297865,"{'att': 266, 'def': 26}","{'att': 311, 'def': 14}",9,3,3,0,2.7887000000000004,w,2026-04-21 19:00:00,1,0,0,3,2.2199750000000003
Brighton,a,1.87112,3.12933,1.87112,3.12933,"{'att': 126, 'def': 17}","{'att': 235, 'def': 11}",9,3,1,3,0.6411,l,2026-05-02 15:00:00,0,0,1,0,-1.25821
Brighton,h,2.22427,0.515647,2.22427,0.515647,"{'att': 124, 'def': 29}","{'att': 358, 'def': 14}",9,2,3,0,2.5841,w,2026-05-09 15:00:00,1,0,0,3,1.7086230000000002
Brighton,a,2.23238,0.747756,2.23238,0.747756,"{'att': 118, 'def': 15}","{'att': 294, 'def': 14}",16,2,0,1,2.4103,l,2026-05-17 15:00:00,0,0,1,0,1.4846240000000002
Brighton,h,0.702398,2.32868,0.702398,2.32868,"{'att': 236, 'def': 31}","{'att': 267, 'def': 17}",10,9,0,3,0.28390000000000004,l,2026-05-24 15:00:00,0,0,1,0,-1.6262819999999998
Fulham,a,0.902883,1.44008,0.902883,0.678909,"{'att': 292, 'def': 18}","{'att': 250, 'def': 28}",6,5,1,1,0.835,d,2025-08-16 14:00:00,0,1,0,1,0.223974
Fulham,h,1.65333,1.54603,1.65333,0.784858,"{'att': 218, 'def': 22}","{'att': 196, 'def': 18}",11,11,1,1,1.4455999999999998,d,2025-08-24 15:30:00,0,1,0,1,0.868472
Fulham,a,0.736228,2.4324,0.736228,1.67123,"{'att': 293, 'def': 27}","{'att': 233, 'def': 25}",9,4,0,2,0.2994,l,2025-08-30 11:30:00,0,0,1,0,-0.935002
Fulham,h,1.13979,0.830398,1.13979,0.830398,"{'att': 218, 'def': 23}","{'att': 242, 'def': 18}",4,5,1,0,1.6496,w,2025-09-13 14:00:00,1,0,0,3,0.3093920000000001
Fulham,h,1.52431,0.826556,1.52431,0.826556,"{'att': 258, 'def': 13}","{'att': 283, 'def': 21}",5,3,3,1,1.9517,w,2025-09-20 19:00:00,1,0,0,3,0.6977540000000001
Fulham,a,0.952612,1.36575,0.952612,1.36575,"{'att': 249, 'def': 18}","{'att': 243, 'def': 14}",4,6,1,3,0.9763999999999999,l,2025-09-28 13:00:00,0,0,1,0,-0.413138
Fulham,a,0.84335,1.33458,0.84335,1.33458,"{'att': 268, 'def': 14}","{'att': 235, 'def': 17}",10,13,1,3,0.8946999999999998,l,2025-10-03 19:00:00,0,0,1,0,-0.49123000000000006
Fulham,h,0.502332,2.07823,0.502332,2.07823,"{'att': 291, 'def': 16}","{'att': 180, 'def': 6}",3,14,0,1,0.29500000000000004,l,2025-10-18 16:30:00,0,0,1,0,-1.575898
Fulham,a,1.52001,2.76806,1.52001,2.76806,"{'att': 277, 'def': 29}","{'att': 253, 'def': 28}",3,7,1,2,0.534,l,2025-10-25 14:00:00,0,0,1,0,-1.24805
Fulham,h,1.91207,0.209934,1.91207,0.209934,"{'att': 154, 'def': 12}","{'att': 341, 'def': 16}",11,4,3,0,2.6905,w,2025-11-01 15:00:00,1,0,0,3,1.7021359999999999
Fulham,a,0.424478,2.30607,0.424478,2.30607,"{'att': 198, 'def': 20}","{'att': 258, 'def': 17}",7,5,0,2,0.21400000000000002,l,2025-11-08 15:00:00,0,0,1,0,-1.881592
Fulham,h,2.83729,0.222768,2.83729,0.222768,"{'att': 212, 'def': 15}","{'att': 275, 'def': 21}",17,2,1,0,2.863,w,2025-11-22 15:00:00,1,0,0,3,2.614522
Fulham,a,0.494736,1.04396,0.494736,1.04396,"{'att': 289, 'def': 23}","{'att': 194, 'def': 29}",5,3,2,1,0.7629000000000001,w,2025-11-29 20:00:00,1,0,0,3,-0.5492239999999999
Fulham,h,0.972635,1.96225,0.972635,1.96225,"{'att': 261, 'def': 26}","{'att': 388, 'def': 22}",6,5,4,5,0.6456,l,2025-12-02 19:30:00,0,0,1,0,-0.989615
Fulham,h,0.766771,1.71109,0.766771,1.71109,"{'att': 231, 'def': 19}","{'att': 402, 'def': 19}",5,3,1,2,0.6637,l,2025-12-07 16:30:00,0,0,1,0,-0.944319
Fulham,a,1.65053,2.05486,1.65053,2.05486,"{'att': 286, 'def': 12}","{'att': 312, 'def': 23}",7,8,3,2,1.0927,w,2025-12-13 17:30:00,1,0,0,3,-0.4043300000000001
Fulham,h,1.70568,0.486296,0.944508,0.486296,"{'att': 283, 'def': 12}","{'att': 304, 'def': 19}",5,7,1,0,2.4221,w,2025-12-22 20:00:00,1,0,0,3,0.458212
Fulham,a,1.11436,1.13719,1.11436,1.13719,"{'att': 200, 'def': 20}","{'att': 247, 'def': 20}",5,11,1,0,1.3251,w,2025-12-27 15:00:00,1,0,0,3,-0.022829999999999906
Fulham,a,1.75434,2.35346,1.75434,2.35346,"{'att': 203, 'def': 25}","{'att': 335, 'def': 13}",9,10,1,1,0.9235000000000001,d,2026-01-01 17:30:00,0,1,0,1,-0.5991200000000001
Fulham,h,0.609182,1.7188,0.609182,1.7188,"{'att': 336, 'def': 18}","{'att': 284, 'def': 14}",4,8,2,2,0.5047999999999999,d,2026-01-04 15:00:00,0,1,0,1,-1.1096180000000002
Fulham,h,1.06013,2.45107,1.06013,2.45107,"{'att': 286, 'def': 27}","{'att': 290, 'def': 23}",15,5,2,1,0.47419999999999995,w,2026-01-07 19:30:00,1,0,0,3,-1.39094
Fulham,a,0.258796,2.16898,0.258796,2.16898,"{'att': 236, 'def': 20}","{'att': 326, 'def': 19}",4,5,0,1,0.1754,l,2026-01-17 15:00:00,0,0,1,0,-1.9101839999999999
Fulham,h,1.13243,1.94652,1.13243,1.94652,"{'att': 298, 'def': 17}","{'att': 314, 'def': 23}",7,6,2,1,0.7442,w,2026-01-24 15:00:00,1,0,0,3,-0.81409
Fulham,a,1.71998,1.84362,0.95881,1.84362,"{'att': 225, 'def': 19}","{'att': 329, 'def': 17}",7,7,2,3,1.2828,l,2026-02-01 14:00:00,0,0,1,0,-0.88481
Fulham,h,2.20126,1.88778,2.20126,1.88778,"{'att': 218, 'def': 17}","{'att': 280, 'def': 22}",11,6,1,2,1.5973000000000002,l,2026-02-07 15:00:00,0,0,1,0,0.31348
Fulham,a,1.05283,1.67722,1.05283,1.67722,"{'att': 367, 'def': 21}","{'att': 306, 'def': 21}",3,5,0,3,0.8878999999999999,l,2026-02-11 19:30:00,0,0,1,0,-0.62439
Fulham,a,2.16696,1.7609,1.40579,0.99973,"{'att': 253, 'def': 21}","{'att': 197, 'def': 12}",8,16,3,1,1.6787999999999998,w,2026-02-22 14:00:00,1,0,0,3,0.4060600000000001
Fulham,h,2.3207,0.952091,2.3207,0.952091,"{'att': 220, 'def': 21}","{'att': 286, 'def': 23}",12,6,2,1,2.3034999999999997,w,2026-03-01 14:00:00,1,0,0,3,1.368609
Fulham,h,0.628123,1.49528,0.628123,1.49528,"{'att': 233, 'def': 22}","{'att': 322, 'def': 17}",9,3,0,1,0.6202,l,2026-03-04 19:30:00,0,0,1,0,-0.867157
Fulham,a,0.933988,0.821011,0.933988,0.821011,"{'att': 245, 'def': 20}","{'att': 280, 'def': 13}",3,3,0,0,1.5091999999999999,d,2026-03-15 14:00:00,0,1,0,1,0.112977
Fulham,h,3.48438,1.92556,2.72321,1.92556,"{'att': 242, 'def': 15}","{'att': 272, 'def': 13}",16,4,3,1,2.3195,w,2026-03-21 15:00:00,1,0,0,3,0.79765
Fulham,a,1.42024,2.01499,1.42024,2.01499,"{'att': 273, 'def': 20}","{'att': 231, 'def': 23}",12,21,0,2,0.9683999999999999,l,2026-04-11 16:30:00,0,0,1,0,-0.5947500000000001
Fulham,a,0.790707,2.33552,0.790707,2.33552,"{'att': 239, 'def': 18}","{'att': 267, 'def': 20}",12,4,0,0,0.39189999999999997,d,2026-04-18 11:30:00,0,1,0,1,-1.5448129999999998
Fulham,h,1.24069,0.906156,1.24069,0.906156,"{'att': 334, 'def': 36}","{'att': 169, 'def': 19}",5,4,1,0,1.6360000000000001,w,2026-04-25 11:30:00,1,0,0,3,0.3345340000000001
Fulham,a,0.696714,4.09079,0.696714,4.09079,"{'att': 301, 'def': 22}","{'att': 232, 'def': 16}",3,14,0,3,0.0539,l,2026-05-02 17:30:00,0,0,1,0,-3.394076
Fulham,h,1.24334,0.998003,1.24334,0.998003,"{'att': 213, 'def': 18}","{'att': 311, 'def': 23}",8,4,0,1,1.549,l,2026-05-09 15:00:00,0,0,1,0,0.24533699999999992
Fulham,a,1.48412,1.49725,0.722955,1.49725,"{'att': 128, 'def': 19}","{'att': 336, 'def': 27}",14,4,1,1,1.3603,d,2026-05-17 15:00:00,0,1,0,1,-0.774295
Fulham,h,1.72878,0.24232,1.72878,0.24232,"{'att': 309, 'def': 27}","{'att': 217, 'def': 17}",10,6,2,0,2.5355,w,2026-05-24 15:00:00,1,0,0,3,1.48646
Wolverhampton Wanderers,h,0.519436,2.29903,0.519436,2.29903,"{'att': 351, 'def': 29}","{'att': 236, 'def': 20}",4,8,0,4,0.2391,l,2025-08-16 16:30:00,0,0,1,0,-1.7795940000000001
Wolverhampton Wanderers,a,0.373367,1.78462,0.373367,1.78462,"{'att': 219, 'def': 21}","{'att': 147, 'def': 25}",3,6,0,1,0.3052,l,2025-08-23 14:00:00,0,0,1,0,-1.411253
Wolverhampton Wanderers,h,0.943257,2.03791,0.943257,2.03791,"{'att': 158, 'def': 27}","{'att': 311, 'def': 26}",5,11,2,3,0.5699,l,2025-08-30 14:00:00,0,0,1,0,-1.094653
Wolverhampton Wanderers,a,0.375942,1.19186,0.375942,1.19186,"{'att': 217, 'def': 24}","{'att': 169, 'def': 16}",3,12,0,1,0.5596,l,2025-09-13 14:00:00,0,0,1,0,-0.8159179999999999
Wolverhampton Wanderers,h,1.5661,0.456988,1.5661,0.456988,"{'att': 274, 'def': 25}","{'att': 277, 'def': 21}",10,7,1,3,2.2899999999999996,l,2025-09-20 14:00:00,0,0,1,0,1.109112
Wolverhampton Wanderers,a,1.15951,0.818711,1.15951,0.818711,"{'att': 190, 'def': 20}","{'att': 237, 'def': 14}",4,5,1,1,1.6705,d,2025-09-27 19:00:00,0,1,0,1,0.3407990000000001
Wolverhampton Wanderers,h,0.369404,1.39158,0.369404,1.39158,"{'att': 285, 'def': 21}","{'att': 216, 'def': 22}",2,2,1,1,0.4865,d,2025-10-05 13:00:00,0,1,0,1,-1.022176
Wolverhampton Wanderers,a,0.676323,1.02481,0.676323,1.02481,"{'att': 157, 'def': 30}","{'att': 255, 'def': 7}",11,6,0,2,0.9793000000000001,l,2025-10-18 14:00:00,0,0,1,0,-0.348487
Wolverhampton Wanderers,h,2.58132,1.54544,1.82015,1.54544,"{'att': 213, 'def': 24}","{'att': 262, 'def': 18}",10,5,2,3,2.141,l,2025-10-26 13:00:00,0,0,1,0,0.27471
Wolverhampton Wanderers,a,0.209934,1.91207,0.209934,1.91207,"{'att': 341, 'def': 16}","{'att': 154, 'def': 12}",4,11,0,3,0.1861,l,2025-11-01 15:00:00,0,0,1,0,-1.7021359999999999
Wolverhampton Wanderers,a,0.111462,3.98342,0.111462,3.98342,"{'att': 306, 'def': 15}","{'att': 198, 'def': 19}",1,13,0,3,0.008,l,2025-11-08 20:00:00,0,0,1,0,-3.8719580000000002
Wolverhampton Wanderers,h,1.66409,1.44933,1.66409,1.44933,"{'att': 246, 'def': 23}","{'att': 251, 'def': 25}",10,11,0,2,1.569,l,2025-11-22 15:00:00,0,0,1,0,0.21476000000000006
Wolverhampton Wanderers,a,0.692588,1.15486,0.692588,1.15486,"{'att': 215, 'def': 21}","{'att': 234, 'def': 24}",3,5,0,1,0.9275,l,2025-11-30 14:05:00,0,0,1,0,-0.462272
Wolverhampton Wanderers,h,1.02461,1.12389,1.02461,1.12389,"{'att': 211, 'def': 23}","{'att': 255, 'def': 19}",2,7,0,1,1.2841,l,2025-12-03 19:30:00,0,0,1,0,-0.09928000000000003
Wolverhampton Wanderers,h,0.262147,4.04708,0.262147,3.28591,"{'att': 298, 'def': 37}","{'att': 110, 'def': 24}",6,10,1,4,0.015099999999999999,l,2025-12-08 20:00:00,0,0,1,0,-3.0237629999999998
Wolverhampton Wanderers,a,0.61997,1.61796,0.61997,1.61796,"{'att': 228, 'def': 15}","{'att': 113, 'def': 12}",3,12,1,2,0.5785,l,2025-12-13 20:00:00,0,0,1,0,-0.99799
Wolverhampton Wanderers,h,1.26823,1.56309,0.507064,1.56309,"{'att': 293, 'def': 22}","{'att': 187, 'def': 30}",6,9,0,2,1.13,l,2025-12-20 15:00:00,0,0,1,0,-1.0560260000000001
Wolverhampton Wanderers,a,0.780664,1.56502,0.780664,1.56502,"{'att': 295, 'def': 22}","{'att': 171, 'def': 23}",2,12,1,2,0.6966,l,2025-12-27 15:00:00,0,0,1,0,-0.784356
Wolverhampton Wanderers,a,1.21784,1.13306,1.21784,1.13306,"{'att': 296, 'def': 17}","{'att': 207, 'def': 27}",7,6,1,1,1.4411,d,2025-12-30 20:15:00,0,1,0,1,0.08478000000000008
Wolverhampton Wanderers,h,2.23925,0.235678,1.47808,0.235678,"{'att': 336, 'def': 12}","{'att': 167, 'def': 32}",2,6,3,0,2.8108000000000004,w,2026-01-03 15:00:00,1,0,0,3,1.242402
Wolverhampton Wanderers,a,0.71329,1.63321,0.71329,1.63321,"{'att': 200, 'def': 19}","{'att': 245, 'def': 24}",5,2,1,1,0.6043000000000001,d,2026-01-07 19:30:00,0,1,0,1,-0.9199200000000001
Wolverhampton Wanderers,h,0.390216,0.813313,0.390216,0.813313,"{'att': 325, 'def': 13}","{'att': 152, 'def': 20}",5,7,0,0,0.8858999999999999,d,2026-01-18 14:00:00,0,1,0,1,-0.42309699999999995
Wolverhampton Wanderers,a,0.542683,1.0654,0.542683,1.0654,"{'att': 371, 'def': 18}","{'att': 231, 'def': 39}",2,10,0,2,0.8474,l,2026-01-24 15:00:00,0,0,1,0,-0.5227169999999999
Wolverhampton Wanderers,h,2.10353,1.59116,2.10353,1.59116,"{'att': 285, 'def': 21}","{'att': 293, 'def': 24}",5,4,0,2,1.7312,l,2026-01-31 15:00:00,0,0,1,0,0.5123700000000002
Wolverhampton Wanderers,h,1.11372,3.76278,1.11372,2.24044,"{'att': 519, 'def': 15}","{'att': 237, 'def': 25}",6,10,1,3,0.1347,l,2026-02-07 15:00:00,0,0,1,0,-1.12672
Wolverhampton Wanderers,a,0.406959,3.69094,0.406959,3.69094,"{'att': 238, 'def': 24}","{'att': 158, 'def': 22}",2,13,0,0,0.0375,d,2026-02-11 19:30:00,0,1,0,1,-3.283981
Wolverhampton Wanderers,h,0.173119,2.01018,0.173119,2.01018,"{'att': 206, 'def': 18}","{'att': 197, 'def': 24}",4,5,2,2,0.1297,d,2026-02-18 20:00:00,0,1,0,1,-1.837061
Wolverhampton Wanderers,a,1.67749,2.03559,0.916319,2.03559,"{'att': 210, 'def': 21}","{'att': 121, 'def': 20}",5,4,0,1,1.0848,l,2026-02-22 14:00:00,0,0,1,0,-1.119271
Wolverhampton Wanderers,h,1.50771,1.31328,1.50771,1.31328,"{'att': 325, 'def': 19}","{'att': 192, 'def': 36}",1,7,2,0,1.5504999999999998,w,2026-02-27 20:00:00,1,0,0,3,0.1944300000000001
Wolverhampton Wanderers,h,0.636033,2.17217,0.636033,2.17217,"{'att': 313, 'def': 14}","{'att': 200, 'def': 28}",1,10,2,1,0.3412,w,2026-03-03 20:15:00,1,0,0,3,-1.536137
Wolverhampton Wanderers,a,1.80044,2.7966,1.80044,2.7966,"{'att': 232, 'def': 17}","{'att': 250, 'def': 28}",9,7,2,2,0.721,d,2026-03-16 20:00:00,0,1,0,1,-0.9961600000000002
Wolverhampton Wanderers,a,0.571967,2.54379,0.571967,2.54379,"{'att': 196, 'def': 21}","{'att': 271, 'def': 20}",4,7,0,4,0.2434,l,2026-04-10 19:00:00,0,0,1,0,-1.971823
Wolverhampton Wanderers,a,0.568627,3.55804,0.568627,2.79691,"{'att': 291, 'def': 25}","{'att': 197, 'def': 19}",4,7,0,3,0.0557,l,2026-04-18 14:00:00,0,0,1,0,-2.2282830000000002
Wolverhampton Wanderers,h,0.762656,1.06403,0.762656,1.06403,"{'att': 270, 'def': 20}","{'att': 170, 'def': 35}",0,4,0,1,0.9893000000000001,l,2026-04-25 14:00:00,0,0,1,0,-0.30137400000000003
Wolverhampton Wanderers,h,1.96131,0.923954,1.96131,0.923954,"{'att': 138, 'def': 17}","{'att': 249, 'def': 19}",10,6,1,1,2.1408,d,2026-05-02 15:00:00,0,1,0,1,1.037356
Wolverhampton Wanderers,a,0.515647,2.22427,0.515647,2.22427,"{'att': 358, 'def': 14}","{'att': 124, 'def': 29}",2,9,0,3,0.275,l,2026-05-09 15:00:00,0,0,1,0,-1.7086230000000002
Wolverhampton Wanderers,h,1.49725,1.48412,1.49725,0.722955,"{'att': 336, 'def': 27}","{'att': 128, 'def': 19}",4,14,1,1,1.3525,d,2026-05-17 15:00:00,0,1,0,1,0.774295
Wolverhampton Wanderers,a,2.8433,1.28476,2.08213,1.28476,"{'att': 287, 'def': 21}","{'att': 131, 'def': 14}",5,13,1,1,2.4256,d,2026-05-24 15:00:00,0,1,0,1,0.7973699999999999
Brentford,a,1.32516,1.7555,0.563994,1.7555,"{'att': 167, 'def': 17}","{'att': 234, 'def': 21}",3,6,1,3,1.0148000000000001,l,2025-08-17 13:00:00,0,0,1,0,-1.191506
Brentford,h,1.12964,0.976852,1.12964,0.976852,"{'att': 302, 'def': 28}","{'att': 92, 'def': 17}",2,14,1,0,1.5385,w,2025-08-23 14:00:00,1,0,0,3,0.15278799999999992
Brentford,a,1.44604,1.57127,0.684874,0.810099,"{'att': 237, 'def': 11}","{'att': 197, 'def': 38}",4,2,1,2,1.2650000000000001,l,2025-08-30 14:00:00,0,0,1,0,-0.12522500000000003
Brentford,h,1.17533,0.755999,1.17533,0.755999,"{'att': 323, 'def': 16}","{'att': 151, 'def': 29}",8,12,2,2,1.7843999999999998,d,2025-09-13 19:00:00,0,1,0,1,0.419331
Brentford,a,0.826556,1.52431,0.826556,1.52431,"{'att': 283, 'def': 21}","{'att': 258, 'def': 13}",3,5,1,3,0.7894999999999999,l,2025-09-20 19:00:00,0,0,1,0,-0.6977540000000001
Brentford,h,2.78726,2.23609,2.78726,1.47492,"{'att': 293, 'def': 25}","{'att': 194, 'def': 16}",6,1,3,1,1.7845,w,2025-09-27 11:30:00,1,0,0,3,1.3123399999999998
Brentford,h,0.693758,1.09647,0.693758,1.09647,"{'att': 399, 'def': 30}","{'att': 189, 'def': 14}",2,9,0,1,0.9858,l,2025-10-05 15:30:00,0,0,1,0,-0.40271200000000007
Brentford,a,3.46635,0.260251,3.46635,0.260251,"{'att': 187, 'def': 15}","{'att': 266, 'def': 18}",11,4,2,0,2.926,w,2025-10-20 19:00:00,1,0,0,3,3.206099
Brentford,h,3.27126,2.11838,2.5101,2.11838,"{'att': 280, 'def': 20}","{'att': 124, 'def': 20}",5,10,3,2,2.1265,w,2025-10-25 19:00:00,1,0,0,3,0.39171999999999985
Brentford,a,0.820498,0.734558,0.820498,0.734558,"{'att': 128, 'def': 22}","{'att': 310, 'def': 16}",8,5,0,2,1.4138,l,2025-11-01 15:00:00,0,0,1,0,0.0859399999999999
Brentford,h,2.73729,0.432277,1.97612,0.432277,"{'att': 252, 'def': 21}","{'att': 211, 'def': 19}",7,2,3,1,2.8235,w,2025-11-09 14:00:00,1,0,0,3,1.543843
Brentford,a,2.19979,0.977488,0.677448,0.977488,"{'att': 348, 'def': 20}","{'att': 187, 'def': 25}",7,10,1,2,2.3872,l,2025-11-22 15:00:00,0,0,1,0,-0.30004
Brentford,h,3.72106,0.874025,2.9599,0.112856,"{'att': 205, 'def': 14}","{'att': 226, 'def': 19}",5,1,3,1,2.8943,w,2025-11-29 15:00:00,1,0,0,3,2.8470440000000004
Brentford,a,0.588716,2.63126,0.588716,2.63126,"{'att': 281, 'def': 18}","{'att': 187, 'def': 27}",3,4,0,2,0.19740000000000002,l,2025-12-03 19:30:00,0,0,1,0,-2.0425440000000004
Brentford,a,0.470563,2.42388,0.470563,2.42388,"{'att': 201, 'def': 18}","{'att': 203, 'def': 24}",8,8,0,2,0.17420000000000002,l,2025-12-06 15:00:00,0,0,1,0,-1.953317
Brentford,h,0.697006,1.63409,0.697006,1.63409,"{'att': 173, 'def': 20}","{'att': 293, 'def': 16}",6,9,1,1,0.6105,d,2025-12-14 16:30:00,0,1,0,1,-0.937084
Brentford,a,1.56309,1.26823,1.56309,0.507064,"{'att': 187, 'def': 30}","{'att': 293, 'def': 22}",9,6,2,0,1.5776000000000001,w,2025-12-20 15:00:00,1,0,0,3,1.0560260000000001
Brentford,h,2.8513,2.56183,2.8513,2.56183,"{'att': 166, 'def': 20}","{'att': 206, 'def': 30}",9,5,4,1,1.5703,w,2025-12-27 15:00:00,1,0,0,3,0.2894700000000001
Brentford,h,0.556304,0.608309,0.556304,0.608309,"{'att': 213, 'def': 28}","{'att': 303, 'def': 16}",3,7,0,0,1.2242,d,2026-01-01 20:00:00,0,1,0,1,-0.05200499999999997
Brentford,a,3.05179,1.00566,3.05179,1.00566,"{'att': 184, 'def': 20}","{'att': 286, 'def': 26}",5,5,4,2,2.5972,w,2026-01-04 15:00:00,1,0,0,3,2.04613
Brentford,h,3.86096,1.50644,3.86096,0.745273,"{'att': 227, 'def': 16}","{'att': 202, 'def': 19}",13,5,3,0,2.7173,w,2026-01-07 19:30:00,1,0,0,3,3.115687
Brentford,a,1.47521,1.62263,1.47521,0.861461,"{'att': 274, 'def': 26}","{'att': 305, 'def': 17}",9,1,0,2,1.1815,l,2026-01-17 15:00:00,0,0,1,0,0.6137489999999999
Brentford,h,2.00413,1.38958,2.00413,1.38958,"{'att': 138, 'def': 26}","{'att': 306, 'def': 18}",13,3,0,2,1.9017999999999997,l,2026-01-25 14:00:00,0,0,1,0,0.6145499999999999
Brentford,a,0.314916,2.15316,0.314916,2.15316,"{'att': 237, 'def': 13}","{'att': 138, 'def': 16}",2,20,1,0,0.2368,w,2026-02-01 14:00:00,1,0,0,3,-1.8382440000000002
Brentford,a,1.65022,3.3215,0.889048,2.56033,"{'att': 221, 'def': 20}","{'att': 208, 'def': 12}",11,8,3,2,0.3922,w,2026-02-07 17:30:00,1,0,0,3,-1.6712820000000002
Brentford,h,1.81154,0.78418,1.81154,0.78418,"{'att': 200, 'def': 21}","{'att': 178, 'def': 22}",5,9,1,1,2.1405000000000003,d,2026-02-12 20:00:00,0,1,0,1,1.0273599999999998
Brentford,h,1.69023,1.37203,1.69023,1.37203,"{'att': 199, 'def': 13}","{'att': 244, 'def': 27}",8,5,0,2,1.6272,l,2026-02-21 15:00:00,0,0,1,0,0.3181999999999998
Brentford,a,2.44595,0.823824,2.44595,0.823824,"{'att': 177, 'def': 27}","{'att': 275, 'def': 17}",9,4,4,3,2.5303,w,2026-02-28 15:00:00,1,0,0,3,1.6221259999999997
Brentford,a,0.673328,2.3177,0.673328,2.3177,"{'att': 184, 'def': 22}","{'att': 250, 'def': 24}",4,12,0,0,0.3264,d,2026-03-03 19:30:00,0,1,0,1,-1.6443719999999997
Brentford,h,2.7966,1.80044,2.7966,1.80044,"{'att': 250, 'def': 28}","{'att': 232, 'def': 17}",7,9,2,2,2.0722,d,2026-03-16 20:00:00,0,1,0,1,0.9961600000000002
Brentford,a,0.302221,0.417296,0.302221,0.417296,"{'att': 219, 'def': 18}","{'att': 194, 'def': 22}",2,9,0,0,1.0807,d,2026-03-21 20:00:00,0,1,0,1,-0.11507499999999998
Brentford,h,2.26302,1.57033,1.50185,1.57033,"{'att': 197, 'def': 18}","{'att': 248, 'def': 23}",5,8,2,2,1.8637,d,2026-04-11 14:00:00,0,1,0,1,-0.0684800000000001
Brentford,h,2.33552,0.790707,2.33552,0.790707,"{'att': 267, 'def': 20}","{'att': 239, 'def': 18}",4,12,0,0,2.4486999999999997,d,2026-04-18 11:30:00,0,1,0,1,1.5448129999999998
Brentford,a,1.30383,1.84852,1.30383,1.84852,"{'att': 239, 'def': 24}","{'att': 260, 'def': 20}",10,8,1,2,0.8975,l,2026-04-27 19:00:00,0,0,1,0,-0.5446899999999999
Brentford,h,2.27374,0.753895,1.51257,0.753895,"{'att': 168, 'def': 18}","{'att': 172, 'def': 22}",7,2,3,0,2.4871999999999996,w,2026-05-02 15:00:00,1,0,0,3,0.758675
Brentford,a,0.670038,4.37429,0.670038,4.37429,"{'att': 207, 'def': 27}","{'att': 182, 'def': 25}",3,13,0,3,0.014499999999999999,l,2026-05-09 17:30:00,0,0,1,0,-3.7042520000000003
Brentford,h,1.54564,1.82274,1.54564,1.06157,"{'att': 133, 'def': 9}","{'att': 284, 'def': 9}",9,14,2,2,1.1392,d,2026-05-17 15:00:00,0,1,0,1,0.48407
Brentford,a,1.46082,2.99412,1.46082,2.99412,"{'att': 220, 'def': 18}","{'att': 199, 'def': 17}",5,11,1,1,0.5012,d,2026-05-24 15:00:00,0,1,0,1,-1.5333
Leeds,h,2.3812,0.674338,1.62003,0.674338,"{'att': 251, 'def': 16}","{'att': 275, 'def': 10}",5,2,1,0,2.5742000000000003,w,2025-08-18 19:00:00,1,0,0,3,0.9456920000000001
Leeds,a,0.156761,2.73761,0.156761,1.97644,"{'att': 418, 'def': 15}","{'att': 175, 'def': 22}",1,5,0,5,0.0513,l,2025-08-23 16:30:00,0,0,1,0,-1.819679
Leeds,h,0.6773,0.303635,0.6773,0.303635,"{'att': 327, 'def': 22}","{'att': 236, 'def': 21}",5,5,0,0,1.6758,d,2025-08-30 16:30:00,0,1,0,1,0.373665
Leeds,a,0.830398,1.13979,0.830398,1.13979,"{'att': 242, 'def': 18}","{'att': 218, 'def': 23}",5,4,0,1,1.0121,l,2025-09-13 14:00:00,0,0,1,0,-0.3093920000000001
Leeds,a,0.456988,1.5661,0.456988,1.5661,"{'att': 277, 'def': 21}","{'att': 274, 'def': 25}",7,10,3,1,0.48339999999999994,w,2025-09-20 14:00:00,1,0,0,3,-1.109112
Leeds,h,2.04728,1.06033,2.04728,1.06033,"{'att': 262, 'def': 26}","{'att': 210, 'def': 25}",3,9,2,2,2.0964,d,2025-09-27 14:00:00,0,1,0,1,0.9869500000000002
Leeds,h,1.48051,0.688198,1.48051,0.688198,"{'att': 195, 'def': 18}","{'att': 285, 'def': 19}",6,4,1,2,2.0633,l,2025-10-04 11:30:00,0,0,1,0,0.792312
Leeds,a,2.33152,0.509647,2.33152,0.509647,"{'att': 164, 'def': 21}","{'att': 332, 'def': 21}",8,2,0,2,2.6492,l,2025-10-18 14:00:00,0,0,1,0,1.8218729999999999
Leeds,h,2.2214,0.498653,2.2214,0.498653,"{'att': 292, 'def': 27}","{'att': 249, 'def': 26}",1,4,2,1,2.6272,w,2025-10-24 19:00:00,1,0,0,3,1.722747
Leeds,a,0.35919,2.64127,0.35919,2.64127,"{'att': 339, 'def': 15}","{'att': 311, 'def': 21}",2,7,0,3,0.1109,l,2025-11-01 15:00:00,0,0,1,0,-2.28208
Leeds,a,0.419461,2.49097,0.419461,1.72981,"{'att': 187, 'def': 20}","{'att': 273, 'def': 18}",3,4,1,3,0.1457,l,2025-11-09 14:00:00,0,0,1,0,-1.310349
Leeds,h,1.84668,1.35978,1.84668,1.35978,"{'att': 264, 'def': 36}","{'att': 215, 'def': 18}",5,5,1,2,1.7718,l,2025-11-23 14:00:00,0,0,1,0,0.4869000000000001
Leeds,a,1.75142,2.85292,0.840267,2.85292,"{'att': 251, 'def': 30}","{'att': 209, 'def': 17}",4,12,2,3,0.6177,l,2025-11-29 15:00:00,0,0,1,0,-2.0126530000000002
Leeds,h,2.2047,0.964018,2.2047,0.964018,"{'att': 430, 'def': 18}","{'att': 120, 'def': 21}",3,8,3,1,2.3367,w,2025-12-03 20:15:00,1,0,0,3,1.2406819999999998
Leeds,h,1.79333,2.04805,1.03216,2.04805,"{'att': 241, 'def': 16}","{'att': 223, 'def': 22}",4,5,3,3,1.214,d,2025-12-06 17:30:00,0,1,0,1,-1.01589
Leeds,a,1.63409,0.697006,1.63409,0.697006,"{'att': 293, 'def': 16}","{'att': 173, 'def': 20}",9,6,1,1,2.1303,d,2025-12-14 16:30:00,0,1,0,1,0.937084
Leeds,h,2.90786,1.53058,2.90786,0.769407,"{'att': 199, 'def': 19}","{'att': 254, 'def': 29}",7,5,4,1,2.3453999999999997,w,2025-12-20 20:00:00,1,0,0,3,2.138453
Leeds,a,2.60653,0.805957,2.60653,0.805957,"{'att': 217, 'def': 22}","{'att': 305, 'def': 15}",16,5,1,1,2.5662,d,2025-12-28 14:00:00,0,1,0,1,1.8005729999999998
Leeds,a,0.15936,1.67833,0.15936,1.67833,"{'att': 280, 'def': 16}","{'att': 150, 'def': 23}",1,10,0,0,0.1995,d,2026-01-01 17:30:00,0,1,0,1,-1.5189700000000002
Leeds,h,0.970138,1.94781,0.970138,1.94781,"{'att': 309, 'def': 35}","{'att': 210, 'def': 20}",11,8,1,1,0.6536000000000001,d,2026-01-04 12:30:00,0,1,0,1,-0.9776720000000001
Leeds,a,2.35318,2.43495,1.59201,1.67378,"{'att': 328, 'def': 30}","{'att': 163, 'def': 20}",5,8,3,4,1.2912,l,2026-01-07 20:15:00,0,0,1,0,-0.08177000000000012
Leeds,h,2.16898,0.258796,2.16898,0.258796,"{'att': 326, 'def': 19}","{'att': 236, 'def': 20}",5,4,1,0,2.7083,w,2026-01-17 15:00:00,1,0,0,3,1.9101839999999999
Leeds,a,1.6766,0.889916,1.6766,0.889916,"{'att': 226, 'def': 22}","{'att': 230, 'def': 18}",7,6,1,1,2.0182,d,2026-01-26 20:00:00,0,1,0,1,0.786684
Leeds,h,0.17871,3.54427,0.17871,3.54427,"{'att': 211, 'def': 22}","{'att': 232, 'def': 19}",1,6,0,4,0.0267,l,2026-01-31 15:00:00,0,0,1,0,-3.36556
Leeds,h,3.38179,1.6608,3.38179,1.6608,"{'att': 183, 'def': 20}","{'att': 301, 'def': 14}",10,6,3,1,2.4720999999999997,w,2026-02-06 20:00:00,1,0,0,3,1.72099
Leeds,a,1.28948,3.21176,0.528313,2.45059,"{'att': 421, 'def': 17}","{'att': 208, 'def': 20}",2,9,2,2,0.25880000000000003,d,2026-02-10 19:30:00,0,1,0,1,-1.922277
Leeds,a,1.27855,1.25439,1.27855,1.25439,"{'att': 247, 'def': 25}","{'att': 128, 'def': 24}",3,11,1,1,1.3724,d,2026-02-21 15:00:00,0,1,0,1,0.02416000000000018
Leeds,h,1.37824,2.46834,1.37824,2.46834,"{'att': 307, 'def': 20}","{'att': 170, 'def': 10}",4,6,0,1,0.6187,l,2026-02-28 17:30:00,0,0,1,0,-1.0901
Leeds,h,0.888232,0.843856,0.888232,0.0826876,"{'att': 107, 'def': 27}","{'att': 325, 'def': 21}",7,1,0,1,1.2505,l,2026-03-03 19:30:00,0,0,1,0,0.8055444
Leeds,a,1.13558,0.525205,0.374413,0.525205,"{'att': 229, 'def': 13}","{'att': 98, 'def': 12}",4,2,0,0,2.0132,d,2026-03-15 14:00:00,0,1,0,1,-0.15079200000000004
Leeds,h,0.417296,0.302221,0.417296,0.302221,"{'att': 194, 'def': 22}","{'att': 219, 'def': 18}",9,2,0,0,1.3780000000000001,d,2026-03-21 20:00:00,0,1,0,1,0.11507499999999998
Leeds,a,2.95118,1.36555,2.95118,1.36555,"{'att': 267, 'def': 21}","{'att': 239, 'def': 23}",8,11,2,1,2.4141000000000004,w,2026-04-13 19:00:00,1,0,0,3,1.5856299999999999
Leeds,h,3.55804,0.568627,2.79691,0.568627,"{'att': 197, 'def': 19}","{'att': 291, 'def': 25}",7,4,3,0,2.9123,w,2026-04-18 14:00:00,1,0,0,3,2.2282830000000002
Leeds,a,1.21601,1.91355,1.21601,1.91355,"{'att': 208, 'def': 20}","{'att': 168, 'def': 19}",6,13,2,2,0.8593,d,2026-04-22 19:00:00,0,1,0,1,-0.69754
Leeds,h,2.09546,0.434597,2.09546,0.434597,"{'att': 324, 'def': 29}","{'att': 259, 'def': 20}",4,3,3,1,2.6082,w,2026-05-01 20:00:00,1,0,0,3,1.660863
Leeds,a,1.86976,1.49036,1.10859,1.49036,"{'att': 226, 'def': 23}","{'att': 161, 'def': 26}",4,4,1,1,1.6843000000000001,d,2026-05-11 20:00:00,0,1,0,1,-0.38176999999999994
Leeds,h,0.747756,2.23238,0.747756,2.23238,"{'att': 294, 'def': 14}","{'att': 118, 'def': 15}",2,16,1,0,0.4024,w,2026-05-17 15:00:00,1,0,0,3,-1.4846240000000002
Leeds,a,1.94969,2.73135,1.94969,2.73135,"{'att': 154, 'def': 30}","{'att': 280, 'def': 17}",6,6,0,3,0.8823000000000001,l,2026-05-24 15:00:00,0,0,1,0,-0.78166
Nottingham Forest,h,1.7555,1.32516,1.7555,0.563994,"{'att': 234, 'def': 21}","{'att': 167, 'def': 17}",6,3,3,1,1.6997,w,2025-08-17 13:00:00,1,0,0,3,1.191506
Nottingham Forest,a,1.32987,1.10188,1.32987,1.10188,"{'att': 197, 'def': 19}","{'att': 294, 'def': 23}",4,6,1,1,1.5392,d,2025-08-24 13:00:00,0,1,0,1,0.22799000000000014
Nottingham Forest,h,0.716018,2.236,0.716018,1.47483,"{'att': 256, 'def': 26}","{'att': 279, 'def': 13}",6,5,0,3,0.33340000000000003,l,2025-08-31 13:00:00,0,0,1,0,-0.758812
Nottingham Forest,a,0.293681,2.8817,0.293681,2.8817,"{'att': 291, 'def': 20}","{'att': 219, 'def': 20}",1,10,0,3,0.07830000000000001,l,2025-09-13 11:30:00,0,0,1,0,-2.588019
Nottingham Forest,a,0.830779,1.14159,0.830779,1.14159,"{'att': 191, 'def': 21}","{'att': 340, 'def': 18}",10,4,1,1,1.0473,d,2025-09-20 14:00:00,0,1,0,1,-0.31081100000000006
Nottingham Forest,h,1.4203,1.94154,1.4203,1.94154,"{'att': 186, 'def': 20}","{'att': 295, 'def': 10}",6,3,0,1,0.9927,l,2025-09-27 16:30:00,0,0,1,0,-0.5212400000000001
Nottingham Forest,a,0.337689,3.81662,0.337689,3.05545,"{'att': 232, 'def': 21}","{'att': 264, 'def': 33}",4,13,0,2,0.027200000000000002,l,2025-10-05 13:00:00,0,0,1,0,-2.717761
Nottingham Forest,h,2.0555,2.5583,2.0555,2.5583,"{'att': 282, 'def': 19}","{'att': 246, 'def': 29}",9,6,0,3,1.0608,l,2025-10-18 11:30:00,0,0,1,0,-0.5028000000000001
Nottingham Forest,a,0.305493,0.656601,0.305493,0.656601,"{'att': 235, 'def': 20}","{'att': 201, 'def': 25}",4,7,0,2,0.8847,l,2025-10-26 13:00:00,0,0,1,0,-0.351108
Nottingham Forest,h,1.55066,0.91622,1.55066,0.91622,"{'att': 315, 'def': 23}","{'att': 161, 'def': 17}",7,5,2,2,1.9257000000000002,d,2025-11-01 15:00:00,0,1,0,1,0.6344399999999999
Nottingham Forest,h,2.49097,0.419461,1.72981,0.419461,"{'att': 273, 'def': 18}","{'att': 187, 'def': 20}",4,3,3,1,2.7659,w,2025-11-09 14:00:00,1,0,0,3,1.310349
Nottingham Forest,a,1.19459,1.79273,1.19459,1.79273,"{'att': 301, 'def': 13}","{'att': 103, 'def': 22}",6,11,3,0,0.9379,w,2025-11-22 15:00:00,1,0,0,3,-0.5981399999999999
Nottingham Forest,h,0.960325,2.0572,0.960325,2.0572,"{'att': 303, 'def': 23}","{'att': 247, 'def': 25}",11,8,0,2,0.6342,l,2025-11-30 14:05:00,0,0,1,0,-1.0968749999999998
Nottingham Forest,a,1.12389,1.02461,1.12389,1.02461,"{'att': 255, 'def': 19}","{'att': 211, 'def': 23}",7,2,1,0,1.3606,w,2025-12-03 19:30:00,1,0,0,3,0.09928000000000003
Nottingham Forest,a,0.31234,1.25348,0.31234,1.25348,"{'att': 151, 'def': 26}","{'att': 245, 'def': 29}",1,9,0,3,0.49910000000000004,l,2025-12-06 15:00:00,0,0,1,0,-0.9411399999999999
Nottingham Forest,h,2.32658,0.380246,2.32658,0.380246,"{'att': 209, 'def': 25}","{'att': 205, 'def': 26}",1,4,3,0,2.7379,w,2025-12-14 14:00:00,1,0,0,3,1.9463339999999998
Nottingham Forest,a,0.486296,1.70568,0.486296,0.944508,"{'att': 304, 'def': 19}","{'att': 283, 'def': 12}",7,5,0,1,0.3848,l,2025-12-22 20:00:00,0,0,1,0,-0.458212
Nottingham Forest,h,0.600141,1.46468,0.600141,1.46468,"{'att': 299, 'def': 16}","{'att': 136, 'def': 21}",4,11,1,2,0.655,l,2025-12-27 12:30:00,0,0,1,0,-0.864539
Nottingham Forest,h,1.75445,1.69525,1.75445,1.69525,"{'att': 150, 'def': 27}","{'att': 309, 'def': 23}",16,4,0,2,1.3967,l,2025-12-30 19:30:00,0,0,1,0,0.05920000000000014
Nottingham Forest,a,0.8982,1.42988,0.8982,1.42988,"{'att': 336, 'def': 23}","{'att': 133, 'def': 33}",3,20,1,3,0.9106,l,2026-01-03 12:30:00,0,0,1,0,-0.53168
Nottingham Forest,a,1.26683,1.73697,0.505666,1.73697,"{'att': 180, 'def': 15}","{'att': 189, 'def': 19}",8,7,2,1,0.9863,w,2026-01-06 20:00:00,1,0,0,3,-1.231304
Nottingham Forest,h,0.318481,2.86323,0.318481,2.86323,"{'att': 284, 'def': 9}","{'att': 126, 'def': 20}",5,12,0,0,0.0732,d,2026-01-17 17:30:00,0,1,0,1,-2.5447490000000004
Nottingham Forest,a,1.38958,2.00413,1.38958,2.00413,"{'att': 306, 'def': 18}","{'att': 138, 'def': 26}",3,13,2,0,0.8089,w,2026-01-25 14:00:00,1,0,0,3,-0.6145499999999999
Nottingham Forest,h,0.987254,1.648,0.987254,0.886826,"{'att': 278, 'def': 8}","{'att': 144, 'def': 31}",3,10,1,1,0.8073,d,2026-02-01 14:00:00,0,1,0,1,0.10042799999999996
Nottingham Forest,a,1.6608,3.38179,1.6608,3.38179,"{'att': 301, 'def': 14}","{'att': 183, 'def': 20}",6,10,1,3,0.388,l,2026-02-06 20:00:00,0,0,1,0,-1.72099
Nottingham Forest,h,3.69094,0.406959,3.69094,0.406959,"{'att': 158, 'def': 22}","{'att': 238, 'def': 24}",13,2,0,0,2.9376,d,2026-02-11 19:30:00,0,1,0,1,3.283981
Nottingham Forest,h,0.934768,2.39634,0.934768,2.39634,"{'att': 265, 'def': 25}","{'att': 200, 'def': 22}",2,3,0,1,0.346,l,2026-02-22 14:00:00,0,0,1,0,-1.4615719999999999
Nottingham Forest,a,0.83055,1.20107,0.83055,1.20107,"{'att': 313, 'def': 21}","{'att': 273, 'def': 29}",2,10,1,2,1.0361,l,2026-03-01 14:00:00,0,0,1,0,-0.37052000000000007
Nottingham Forest,a,1.23642,2.72655,1.23642,2.72655,"{'att': 331, 'def': 12}","{'att': 202, 'def': 19}",3,14,2,2,0.47,d,2026-03-04 19:30:00,0,1,0,1,-1.49013
Nottingham Forest,h,0.821011,0.933988,0.821011,0.933988,"{'att': 280, 'def': 13}","{'att': 245, 'def': 20}",3,3,0,0,1.1281999999999999,d,2026-03-15 14:00:00,0,1,0,1,-0.112977
Nottingham Forest,a,1.54408,1.6189,1.54408,1.6189,"{'att': 246, 'def': 25}","{'att': 170, 'def': 28}",3,4,3,0,1.325,w,2026-03-22 14:15:00,1,0,0,3,-0.07482000000000011
Nottingham Forest,h,0.85045,1.36297,0.85045,1.36297,"{'att': 292, 'def': 27}","{'att': 166, 'def': 16}",6,6,1,1,0.9284,d,2026-04-12 13:00:00,0,1,0,1,-0.51252
Nottingham Forest,h,1.4425,0.601418,1.4425,0.601418,"{'att': 289, 'def': 20}","{'att': 286, 'def': 28}",6,3,4,1,2.0771,w,2026-04-19 13:00:00,1,0,0,3,0.8410819999999999
Nottingham Forest,a,1.54208,0.614323,1.54208,0.614323,"{'att': 213, 'def': 20}","{'att': 119, 'def': 22}",3,13,5,0,2.1618,w,2026-04-24 19:00:00,1,0,0,3,0.9277569999999999
Nottingham Forest,a,2.31019,2.17132,1.54902,1.41015,"{'att': 370, 'def': 16}","{'att': 193, 'def': 24}",4,12,3,1,1.504,w,2026-05-04 15:00:00,1,0,0,3,0.13887000000000005
Nottingham Forest,h,1.46434,1.65067,1.46434,1.65067,"{'att': 272, 'def': 16}","{'att': 228, 'def': 28}",9,11,1,1,1.201,d,2026-05-10 14:00:00,0,1,0,1,-0.1863300000000001
Nottingham Forest,a,1.84418,4.28532,1.84418,4.28532,"{'att': 249, 'def': 18}","{'att': 251, 'def': 25}",11,14,2,3,0.2795,l,2026-05-17 12:30:00,0,0,1,0,-2.44114
Nottingham Forest,h,2.05852,1.33684,2.05852,1.33684,"{'att': 215, 'def': 12}","{'att': 232, 'def': 29}",3,8,1,1,1.9114,d,2026-05-24 15:00:00,0,1,0,1,0.7216800000000001
